English,Polish
you,ty
i,ja, i
to,do
it,to
and,oraz
that,że
of,z
is,jest
in,w
what,co
we,my
me,ja
this,ten
he,on
for,dla
my,mój
on,na
have,mieć
your,twój
do,robić
was,był
no,nie
not,nie
be,być
are,są
know,wiedzieć
can,móc
with,z
but,ale
all,wszystko
so,więc
just,tylko
there,tam
here,tutaj
they,one
like,tak jak
get,dostawać
she,ona
go,iść
if,jeśli
right,prawo
out,na zewnątrz
about,o
up,w górę
at,w
him,jego
now,teraz
one,jeden
come,chodź
well,dobrze
her,ją
how,jak
yeah,tak
ve,ve
will,będzie
got,dostał
want,chcieć
think,myśleć
as,jak
see,widzieć
did,zrobił
good,dobry
who,kto
why,czemu
from,z
let,wynajmować
his,jego
yes,tak
when,gdy
going,pójście
time,czas
an,jakiś
okay,w porządku
back,plecy
look,wyglądać
us,nas
would,zrobiłbym
them,ich
where,gdzie
were,byli
take,brać
then,następnie
had,miał
or,lub
been,został
our,nasz
gonna,zamierzać
tell,powiedzieć
really,naprawdę
man,facet
some,niektóre
say,mówić
hey,siema
could,mógłby
by,za pomocą
need,potrzebować
something,coś
has,ma
too,także
more,jeszcze
way,droga
down,na dół
make,robić
very,bardzo
never,nigdy
only,tylko
people,ludzie
over,koniec
because,dlatego
little,mały
please,proszę
love,kocham
should,powinien
mean,oznaczać
said,powiedział
sorry,przepraszam
give,dawać
off,wyłączony
am,jestem
thank,dziękować
any,każdy
two,dwa
even,nawet
much,dużo
doing,czyn
sure,jasne
thing,rzecz
these,te
help,wsparcie
first,pierwszy
into,w
anything,byle co
still,nadal
find,odnaleźć
life,życie
nothing,nic
sir,pan
day,dzień
god,bóg
work,praca
their,ich
uh,uh
again,ponownie
maybe,być może
must,musi
before,zanim
other,inny
wait,czekać
stop,zatrzymaj się
call,połączenie
after,po
won,wygrał
talk,rozmowa
away,z dala
than,niż
thought,myśl
home,dom
night,noc
put,położyć
great,świetnie
those,tych
last,ostatni
better,lepiej
everything,wszystko
told,powiedział
new,nowy
things,rzeczy
always,zawsze
keep,trzymać
long,długie
years,lata
leave,odejdź
does,czy
money,pieniądze
around,na około
doesn,czyn
name,nazwa
place,miejsce
ever,zawsze
feel,czuć
guys,chłopaki
father,ojciec
guy,facet
made,zrobiony
old,stary
isn,isn
which,który
big,duża
lot,działka
done,gotowe
hello,witam
nice,ładny
believe,uważać
girl,dziewczyna
someone,ktoś
fine,cienki
thanks,dziękuję
wanted,poszukiwany
kind,uprzejmy
coming,nadchodzący
house,dom
every,każdy
through,poprzez
being,istnienie
course,kurs
stay,zostawać
left,lewy
dad,tata
enough,wystarczająco
happened,stało się
came,przyszło
may,może
mother,matka
wrong,zło
world,świat
bad,zły
might,móc
three,trzy
today,dziś
listen,słuchać
another,inne
understand,rozumiesz
hear,słyszeć
remember,zapamiętaj
ask,zapytać się
own,własny
same,to samo
show,pokazać
else,w przeciwnym razie
kill,zabić
talking,mówić
found,znaleziony
next,następny
getting,dostawanie
care,opieka
car,samochód
looking,patrząc
son,syn
try,próbować
woman,kobieta
went,wszedł
hi,cześć
dead,nie żyje
many,wiele
mind,umysł
wasn,był
friend,przyjaciel
best,najlepsza
mom,mama
hell,piekło
morning,rano
trying,próbować
boy,chłopak
together,razem
yourself,się
job,stanowisko
saw,widział
family,rodzina
real,prawdziwy
without,bez
baby,dziecko
room,pokój
wouldn,by
already,już
move,ruszaj się
most,bardzo
seen,widziany
live,relacja na żywo
miss,tęsknić
actually,właściwie
huh,huh
shit,gówno
both,zarówno
heard,usłyszał
once,raz
ready,gotowy
head,głowa
called,nazywa
used,używany
idea,pomysł
knew,wiedziałem
hold,utrzymać
happy,szczęśliwy
door,drzwi
such,taki
fuck,pierdolić
brother,brat
also,również
pretty,ładny
bit,fragment
took,wzięła
haven,przystań
yet,już
men,mężczyźni
whole,cały
start,początek
use,posługiwać się
while,podczas gdy
since,odkąd
wife,żona
days,dni
guess,zgadywać
tomorrow,jutro
matter,materiał
meet,spotykać się
bring,przynieść
tonight,dziś wieczorem
everyone,każdy
run,biegać
wanna,chcieć
hard,ciężko
ah,ah
alone,sam
myself,ja
school,szkoła
gone,odszedł
um,um
end,koniec
saying,powiedzenie
phone,telefon
play,bawić się
looks,wygląd
couldn,czy mógł
fucking,pierdolony
problem,problem
few,mało
friends,przyjaciele
gotta,musieć
ago,temu
open,otwarty
anyone,ktokolwiek
killed,zabity
hope,nadzieja
face,twarz
until,aż do
lost,stracony
police,policja
excuse,wymówka
turn,skręcać
business,biznes
case,walizka
wants,chce
says,mówi
TRUE,PRAWDA
die,umierać
heart,serce
soon,wkrótce
each,każdy
worry,martwić się
later,później
year,rok
watch,zegarek
music,muzyka
hand,ręka
having,mający
probably,prawdopodobnie
beautiful,piękny
doctor,lekarz
sit,siedzieć
eat,jeść
thinking,myślący
young,młody
second,druga
working,pracujący
water,woda
person,osoba
part,część
kids,dzieci
late,późno
stuff,rzeczy
exactly,dokładnie
under,pod
death,śmierć
minute,minuta
pay,płacić
crazy,zwariowany
forget,zapominać
everybody,wszyscy
kid,dziecko
change,zmiana
gave,dał
happen,zdarzyć
damn,cholerny
five,pięć
drink,drink
far,daleko
knows,wie
its,jego
whatever,cokolwiek
eyes,oczy
shut,zamknąć
aren,aren
hit,uderzyć
taking,nabierający
easy,łatwo
times,czasy
check,sprawdzać
hands,ręce
minutes,minuty
deal,sprawa
different,różne
means,oznacza
point,punkt
inside,w środku
makes,robi
asked,spytał
somebody,ktoś
mine,moje
making,zrobienie
body,ciało
afraid,przestraszony
sleep,spać
chance,szansa
dear,droga
quite,całkiem
four,cztery
anyway,w każdym razie
close,blisko
ain,ain
party,przyjęcie
fun,zabawa
against,przeciwko
word,słowo
comes,pochodzi
important,ważny
set,ustawić
shall,być
story,fabuła
number,numer
daughter,córka
least,najmniej
waiting,czekanie
hurt,zraniony
wish,życzenie
moment,za chwilę
fight,walka
week,tydzień
husband,mąż
girls,dziewczyny
rest,reszta
married,żonaty
fire,ogień
game,gra
nobody,nikt
mr,pan
children,dzieci
side,bok
stand,stoisko
read,czytać
though,chociaż
cut,skaleczenie
started,zaczęła się
sister,siostra
supposed,przypuszczalny
between,pomiędzy
child,dziecko
goes,idzie
hours,godziny
speak,mówić
women,kobiety
behind,za
almost,prawie
truth,PRAWDA
blood,krew
able,zdolny
lady,dama
anymore,nie więcej
playing,gra
gets,dostaje
shot,strzał
reason,powód
trouble,kłopot
break,przerwanie
war,wojna
city,miasto
walk,spcerować
town,miasto
trust,zaufanie
dr.,dr.
met,spotkał
office,gabinet
question,pytanie
brought,przyniósł
yours,twój
welcome,witam
high,wysoki
wow,wow
couple,para
half,połowa
died,zmarł
cool,fajny
free,darmowy
either,zarówno
seems,wydaje się
power,moc
whoa,whoa
bye,pa
buy,kup
telling,wymowny
honey,miód
tried,wypróbowany
front,przód
team,zespół
answer,odpowiadać
gun,pistolet
boys,chłopcy
line,linia
send,wysłać
news,aktualności
stupid,głupi
bed,łóżko
hurry,spieszyć się
full,pełny
months,miesiące
save,ratować
sometimes,czasami
become,stać się
along,przed siebie
hate,nienawidzić
food,jedzenie
outside,poza
light,światło
l,l
needs,wymagania
dog,pies
country,kraj
clear,jasne
order,zamówienie
em,em
fact,fakt
lord,lord
captain,kapitan
six,sześć
hot,gorący
funny,zabawny
black,czarny
mrs.,pani.
alive,żywy
pick,wybierać
feeling,uczucie
living,żyjący
cause,przyczyna
ahead,dalej
lose,stracić
king,król
plan,plan
dinner,obiad
sighs,wzdycha
sort,sortować
leaving,odjazd
shouldn,powinien
running,działanie
boss,szef
alright,w porządku
promise,obietnica
taken,zajęty
safe,bezpieczny
ma,mama
book,książka
sent,wysłano
white,biały
hour,godzina
anybody,ktoś
small,mały
perfect,idealny
cause,przyczyna
lives,zyje
special,specjalny
parents,rodzice
s,s
john,jan
himself,samego siebie
perhaps,być może
sounds,dźwięki
serious,poważny
sick,chory
company,firma
ha,ha
scared,przestraszony
uncle,wujek
poor,słaby
red,czerwony
past,po
earth,ziemia
possible,możliwy
shoot,strzelać
touch,dotykać
sound,dźwięk
top,top
ass,tyłek
laughs,śmiech
cannot,nie mogę
asking,pytając
win,wygrać
glad,zadowolony
control,kontrola
hmm,hmm
human,człowiek
drive,prowadzić
hair,włosy
jack,jacek
bitch,suka
luck,szczęście
murder,morderstwo
happens,dzieje się
air,powietrze
ten,dziesięć
daddy,tatuś
finally,wreszcie
chuckles,chichocze
fast,szybki
cold,przeziębienie
seem,wydać się
laughing,śmiać się
words,słowa
hospital,szpital
street,ulica
hang,powiesić
dance,taniec
meeting,spotkanie
till,do
others,inni
catch,złapać
follow,śledzić
sense,sens
sex,seks
lie,kłamstwo
evening,wieczór
master,gospodarz
known,znany
dream,śnić
write,pisać
million,milion
voice,głos
sweet,słodkie
rather,raczej
felt,filc
sign,podpisać
lucky,szczęściarz
somewhere,gdzieś
bet,zakład
o,o
jesus,jezus
longer,dłużej
calling,powołanie
worked,pracował
quiet,cichy
looked,wyglądał
less,mniej
pull,ciągnąć
beat,bić
careful,ostrożny
coffee,kawa
return,zwrócić
secret,sekret
weeks,tygodnie
weren,weren
date,data
seeing,widzenie
fall,spadek
given,dany
ooh,ooh
fault,wada
straight,proste
takes,trwa
song,utwór muzyczny
future,przyszły
gentlemen,panowie
loved,kochany
changed,zmienione
road,droga
calm,spokojna
wonderful,wspaniale
mad,szalony
turned,obrócony
drop,upuszczać
ladies,damski
learn,uczyć się
step,krok
absolutely,absolutnie
early,wczesny
explain,wyjaśnić
clean,czysty
piece,kawałek
yesterday,wczoraj
throw,rzucić
picture,obrazek
land,grunt
feet,stopy
wonder,cud
questions,pytania
speaking,mówienie
worth,wartość
darling,kochanie
dude,koleś
giving,dający
president,prezydent
eye,oko
quick,szybki
moving,poruszający
figure,postać
state,państwo
strong,silny
sam,sam
none,żaden
amazing,zdumiewający
ones,te
works,pracuje
act,akt
needed,potrzebne
weird,dziwny
law,prawo
worried,zmartwiony
report,raport
goodbye,do widzenia
missing,zaginiony
choice,wybór
happening,wydarzenie
chief,szef
wedding,ślub
strange,dziwny
general,ogólny
pain,ból
am,jestem
kidding,żart
decided,zdecydowany
ya,ya
pass,podawać
tired,zmęczony
class,klasa
officer,oficer
kept,trzymane
wake,budzić
worse,gorzej
busy,zajęty
eh,eh
mistake,błąd
kiss,pocałunek
court,sąd
building,budynek
finish,koniec
during,w trakcie
age,wiek
ship,statek
caught,złapany
marry,ożenić
meant,oznaczał
sell,sprzedać
dark,ciemny
watching,oglądanie
system,system
suppose,przypuszczać
evidence,dowód
movie,film
ride,jeździć
t,t
completely,całkowicie
mouth,usta
totally,całkowicie
birthday,urodziny
tv,telewizja
forgive,przebaczyć
born,urodzić się
imagine,wyobrażać sobie
information,informacja
instead,zamiast
definitely,zdecydowanie
security,bezpieczeństwo
certainly,z pewnością
film,film
month,miesiąc
lying,kłamliwy
unless,chyba że
train,pociąg
seven,siedem
wear,nosić
clothes,odzież
michael,michał
hotel,hotel
christmas,boże narodzenie
attack,atak
hasn,had
round,okrągły
expect,oczekiwać
sing,śpiewać
terrible,straszny
george,jerzy
bag,torba
history,historia
blue,niebieski
near,blisko
broke,zepsuł się
station,stacja
seriously,na serio
forever,na zawsze
david,david
frank,szczery
except,oprócz
thinks,myśli
message,wiadomość
entire,cały
joe,joe
table,stół
talked,rozmawiałem
across,przez
rock,głaz
lovely,śliczny
handle,uchwyt
middle,środek
buddy,kumpel
paid,płatny
protect,chronić
using,za pomocą
floor,piętro
ran,biegł
swear,przeklinać
spend,spędzić
situation,sytuacja
ring,dzwonić
anywhere,gdziekolwiek
dangerous,niebezpieczny
bill,rachunek
york,york
army,armia
lead,ołów
bought,kupił
finished,skończone
fair,sprawiedliwy
sun,słońce
letter,list
fool,głupiec
attention,uwaga
club,klub
simple,prosty
interesting,ciekawe
space,przestrzeń
test,test
box,skrzynka
group,grupa
single,pojedynczy
sitting,posiedzenie
marriage,małżeństwo
join,przystąp
fear,strach
d,d
peace,pokój
forgot,zapomniałem
force,zmuszać
short,niski
normal,normalna
charlie,charlie
present,teraźniejszość
enjoy,smacznego
mike,mikrofon
crime,przestępczość
horse,koń
ground,grunt
american,amerykański
count,liczyć
area,powierzchnia
charge,opłata
honor,zaszczyt
lunch,obiad
miles,mile
radio,radio
idiot,idiota
ball,piłka
surprise,niespodzianka
paper,papier
key,klucz
boat,łódź
quickly,szybko
gold,złoto
bar,bar
fish,ryba
mark,znak
tom,tomek
wearing,ma na sobie
crying,płacz
accident,wypadek
government,rząd
eight,osiem
fell,spadł
cover,pokrywa
certain,pewny
interested,zainteresowany
deep,głęboko
star,gwiazda
sea,morze
agree,zgodzić się
problems,problemy
detective,detektyw
prison,więzienie
major,poważny
stick,stick
offer,oferta
difficult,trudny
smart,mądry
personal,osobisty
record,nagrywać
stopped,zatrzymany
hide,ukryć
whether,czy
bank,bank
trip,wycieczka
relax,zrelaksować się
america,ameryka
public,publiczny
list,lista
afternoon,wieczór
brain,mózg
fix,naprawić
bastard,bękart
proud,dumny
tea,herbata
service,usługa
screaming,krzyczenie
forward,naprzód
angry,zły
park,park
soul,dusza
fighting,walczący
peter,piotr
rich,bogaty
agent,agent
blow,cios
paul,paweł
dress,sukienka
mary,mary
missed,pominięty
scene,scena
killing,zabicie
standing,na stojąco
saved,uratowany
mm,mm
respect,poszanowanie
killer,zabójca
ice,lód
mess,bałagan
tough,trudny
feels,odczucia
church,kościół
sad,smutny
cell,komórka
drunk,pijany
share,dzielić
camera,aparat fotograficzny
mm-hmm,mm-hmm
within,w ciągu
card,karta
fly,latać
ben,ben
girlfriend,dziewczyna
laugh,śmiać się
smell,zapach
broken,złamany
mum,milczący
honest,uczciwy
often,często
starting,startowy
calls,połączenia
y,y
spent,zużyty
third,trzeci
english,język angielski
visit,wizyta
mama,mama
judge,sędzia
window,okno
hungry,głodny
dare,odważyć się
relationship,relacja
moved,przeniósł
prove,udowodnić
private,prywatny
wall,ściana
seat,siedzenie
i-i,i-i
position,pozycja
lieutenant,porucznik
realize,realizować
lt,lt
especially,szczególnie
machine,maszyna
walking,pieszy
art,sztuka
pleasure,przyjemność
bloody,krwawy
college,szkoła wyższa
french,francuski
involved,zaangażowany
cry,płakać
became,stał się
lived,żył
impossible,niemożliwy
obviously,oczywiście
neither,żaden
accept,zaakceptować
boyfriend,chłopak
besides,oprócz
queen,królowa
teacher,nauczyciel
cops,gliniarze
sake,wzgląd
loves,kocha
carry,mieć przy sobie
teach,uczyć
apartment,apartament
upset,smutny
green,zielony
la,la
liked,lubił
cute,ładny
evil,zło
professor,profesor
contact,kontakt
joke,żart
cop,policjant
huge,olbrzymi
holy,święty
store,sklep
jail,więzienie
likes,lubi
lawyer,prawnik
doubt,wątpić
continue,kontynuować
appreciate,doceniać
cat,kot
shop,sklep
driving,napędowy
congratulations,gratulacje
wrote,napisał
village,wieś
quit,zrezygnować
field,pole
james,james
wine,wino
decision,decyzja
south,południe
sleeping,spanie
slow,wolny
laughter,śmiech
island,wyspa
glass,szkło
beginning,początek
cash,gotówka
dying,umierający
hundred,sto
whose,którego
difference,różnica
plane,samolot
push,naciskać
continues,trwa
mmm,mmm
singing,śpiewanie
eating,jedzenie
north,północ
mrs,pani
tree,drzewo
madam,szanowna pani
gift,prezent
truck,ciężarówka
putting,umieszczanie
bear,niedźwiedź
board,tablica
grab,chwycić
beer,piwo
stuck,zablokowany
magic,magia
support,pomoc
rules,zasady
grunts,chrząknięcie
partner,partner
reach,zasięg
wind,wiatr
colonel,pułkownik
max,max
immediately,od razu
seconds,sekundy
thousand,tysiąc
gives,daje
experience,doświadczenie
cheers,twoje zdrowie
victim,ofiara
upon,od
computer,komputer
christ,chrystus
planet,planeta
promised,obiecane
bus,autobus
henry,henz
dirty,brudny
search,szukaj
staying,przebywający
dreams,sny
arrest,aresztować
holding,trzymać
suddenly,nagle
usually,zwykle
lots,wiele
shoes,buty
er,er
jump,skok
rid,eliminować
yo,siema
knock,pukanie
owe,być winnym
harry,złupić
grow,rosnąć
worst,najgorszy
river,rzeka
aunt,ciotka
patient,pacjent
kitchen,kuchnia
aah,aah
fat,tłuszcz
passed,przeszedł
m,m
final,finał
summer,lato
bob,pion
listening,słuchający
escape,ucieczka
everywhere,wszędzie
moon,księżyc
arms,ramiona
turns,zakręty
address,adres zamieszkania
ow,ow
match,mecz
gasps,sapps
grand,wielki
yep,tak
shh,shh
nervous,nerwowy
de,de
choose,wybierać
themselves,sobie
decide,zdecydować
mate,kumpel
drinking,picie
press,naciśnij
bother,niepokoić
foot,stopa
hadn,had
blame,winić
crap,bzdury
drugs,leki
type,rodzaj
rings,pierścienie
mission,misja
named,o nazwie
heaven,niebo
ii,ii
picked,doborowy
paris,paryż
race,wyścig
risk,ryzyko
books,książki
further,dalej
danny,danny
action,akcja
allowed,dozwolony
orders,zamówienia
learned,nauczyli
price,cena ?
arrived,przybył
nick,nacięcie
otherwise,inaczej
pictures,kino
fit,pasować
smoke,palić
favor,przychylność
played,grał
notice,zauważyć
awesome,wspaniały
smile,uśmiech
director,dyrektor
guard,strażnik
begin,zaczynać
spot,miejsce
surprised,zaskoczony
innocent,niewinny
narrator,narrator
herself,się
london,londyn
feelings,uczucia
enemy,wróg
battle,bitwa
ourselves,my sami
alex,alex
dollars,dolary
allow,umożliwić
nine,dziewięć
gay,gay
department,dział
guilty,winny
apart,oprócz
earlier,wcześniej
duty,obowiązek
jim,jim
suit,garnitur
bell,dzwon
west,zachód
legs,nogi
hero,bohater
destroy,zniszczyć
stage,etap
bunch,garść
according,według
chicken,kurczak
bigger,większy
grunting,pochrząkiwanie
low,niski
helping,porcja jedzenia
admit,przyznawać
closed,zamknięte
names,nazwy
witness,świadek
upstairs,na górę
arm,ramię
steal,kraść
jimmy,jimmy
kick,kopnięcie
twice,dwa razy
cross,krzyż
ways,sposoby
sergeant,sierżant
indeed,rzeczywiście
gas,gaz
keeping,konserwacja
energy,energia
pregnant,w ciąży
waste,marnotrawstwo
helped,pomógł
fired,zwolniony z pracy
favorite,ulubiony
tony,tony
taste,smak
locked,zablokowany
places,miejsca
writing,pismo
adam,adam
brothers,bracia
starts,zaczyna się
prince,książę
form,formularz
sold,sprzedany
silly,głupi
mention,wzmianka
build,budować
throat,gardło
hole,otwór
figured,wzorzysty
track,tor
ringing,dzwonienie
lock,zamek
leg,noga
above,nad
hiding,ukrywanie
steve,steve
seemed,wydawało się
breakfast,śniadanie
engine,silnik
written,pisemny
complete,kompletny
video,wideo
applause,oklaski
however,jednakże
pressure,nacisk
fresh,świeży
weapon,broń
sky,niebo
ms.,sm.
stole,ukradłem
study,nauka
burn,oparzenie
reading,czytanie
crowd,tłum
treat,leczyć
roll,rolka
double,podwójnie
spirit,duch
danger,zagrożenie
cost,koszt
empty,pusty
level,poziom
memory,pamięć
itself,samo
acting,gra aktorska
interest,odsetki
nose,nos
plans,plany
following,następny
bathroom,łazienka
built,wybudowany
closer,bliższy
ray,promień
sarah,sarah
band,pasmo
groans,stękanie
apparently,widocznie
excited,podekscytowany
richard,richard
losing,przegrywający
animals,zwierząt
flight,lot
nature,natura
raise,podnieść
pop,muzyka pop
client,klient
bomb,bomba
neck,szyja
suspect,podejrzany
warm,ciepły
extra,dodatkowy
bottle,butelka
van,awangarda
heavy,ciężki
mommy,mamusia
dogs,psy
wild,dziki
ridiculous,śmieszny
simply,po prostu
lee,zawietrzny
animal,zwierzę
showed,pokazane
billy,menażka
shooting,strzelanie
keeps,keeps
camp,obóz
guns,pistolety
medical,medyczny
shame,wstyd
hoping,mając nadzieję
whom,kogo, komu
bird,ptak
majesty,majestat
flowers,kwiaty
famous,słynny
asleep,we śnie
beauty,piękno
driver,kierowca
keys,klucze
rain,deszcz
awful,okropny
large,wielki
local,lokalny
deserve,zasługiwać
goddamn,przeklęty
stone,złóg
jane,jane
grace,wdzięk
consider,rozważać
weekend,weekend
wondering,zastanawianie się
lay,kłaść
plenty,dużo
willing,chętny
pants,spodnie
sweetheart,kochanie
skin,skóra
excellent,doskonały
asshole,dupek
beach,plaża
c,c
faith,wiara
beg,błagać
fuckin,kurwa
responsible,odpowiedzialny
military,wojskowy
cheering,doping
opportunity,możliwość
common,wspólny
bottom,na dole
german,niemiecki
whoever,ktokolwiek
cook,gotować
walked,szedł
papers,dokumenty tożsamości
justice,sprawiedliwość
hall,hol
commander,dowódca
drug,lek
main,główny
knife,nóż
devil,diabeł
necessary,niezbędny
although,chociaż
princess,księżniczka
lights,światła
flying,latający
dick,kutas
rose,róża
knowing,porozumiewawczy
clearly,wyraźnie
hat,kapelusz
agreed,zgoda
johnny,jasio
corner,narożnik
code,kod
note,notatka
tommy,tommy
due,należny
correct,prawidłowy
apologize,przepraszać
language,język
stars,gwiazdy
faster,szybciej
cars,samochody
folks,ludzie
bullshit,głupie gadanie
i.,i.
fellow,kolega
several,kilka
grandma,babcia
shows,przedstawia
leader,lider
leaves,odchodzi
restaurant,restauracja
east,wschód
shouting,rozkrzyczany
blind,ślepy
ghost,duch
cup,puchar
gotten,got
tight,obcisły
conversation,rozmowa
tells,mówi
lies,kłamstwa
nor,ani
pulled,pociągnięty
hanging,wiszące
speed,prędkość
stories,historie
health,zdrowie
advice,rada
held,trzymany
uh-huh,uh huh
murdered,zamordowany
beyond,poza
rule,reguła
hardly,prawie wcale
possibly,prawdopodobnie
inspector,inspektor
cousin,kuzyn
trial,test
emergency,nagły wypadek
ought,powinien
eddie,eddie
somehow,jakoś
hearing,przesłuchanie
states,państwa
account,rachunek
spoke,przemówił
file,plik
understood,zrozumiany
angel,anioł
tape,taśma
milk,mleko
powerful,potężny
weapons,bronie
practice,ćwiczyć
manager,menedżer
pardon,pardon
vote,głosować
jake,jake
national,krajowy
career,kariera
minister,minister
super,super
taught,nauczony
robert,robert
biggest,największy
plays,sztuki
natural,naturalny
dancing,taniec
copy,kopiuj
plus,plus
martin,jaskółka oknówka
cake,ciasto
freedom,wolność
among,wśród
breath,oddech
operation,operacja
chris,chris
crew,załoga
challenge,wyzwanie
market,rynek
meat,mięso
towards,w stronę
bringing,przynoszący
dropped,porzucone
student,student
lied,skłamał
strength,siła
size,rozmiar
breathe,oddychać
color,kolor
monster,potwór
loud,głośno
photo,zdjęcie
aw,aw
nearly,prawie
sight,widok
greatest,największy
games,gry
bridge,most
dressed,ubrany
arrested,aresztowany
horrible,okropny
coach,trener
planning,planowanie
checked,w kratę
breaking,łamanie
noticed,zauważony
fantastic,fantastyczny
screams,krzyki
serve,obsługiwać
ideas,pomysły
investigation,dochodzenie
center,środek
older,starsze
pack,pakiet
soldiers,żołnierski
nonsense,nonsens
doc,doc
project,projekt
training,trening
example,przykład
trick,sztuczka
prepared,przygotowany
science,nauki ścisłe
united,zjednoczony
travel,podróż
incredible,niesamowite
grandpa,dziadek
paying,intratny
character,postać
teeth,zęby
criminal,kryminalista
charles,charles
chinese,chiński
truly,naprawdę
honestly,szczerze
bro,bracie
survive,przeżyć
bobby,konstabl
target,cel
feed,karmić
nurse,pielęgniarka
e,mi
fake,podróbka
records,dokumentacja
breathing,oddechowy
sweetie,kochanie
numbers,liczby
oil,olej
suicide,samobójstwo
belong,należeć
whoo,whoo
perfectly,doskonale
amy,amy
forgotten,zapomniany
remain,pozostać
original,oryginał
papa,papa
onto,na
concerned,zainteresowany
credit,kredyt
ugh,ugh
invited,zaproszony
discuss,omówić
research,badania
easier,łatwiej
view,pogląd
chair,krzesło
hurts,boli
strike,strajk
roger,zrozumiałem
fill,wypełnić
condition,stan
mountain,góra
dr,dr
nowhere,nigdzie
sheriff,szeryf
kim,kim
turning,obrócenie
brown,brązowy
recognize,rozpoznać
heads,głowy
audience,publiczność
all,wszystko
jealous,zazdrosny
pretend,udawać
society,społeczeństwo
finding,odkrycie
shirt,koszula
comfortable,wygodna
meaning,oznaczający
guest,gość
pieces,sztuki
dry,suchy
letting,pozwalając
began,zaczął się
aye,zawsze
jeff,jeff
female,kobieta
release,wydanie
ho,ho
cards,karty
pray,módl się
unfortunately,niestety
balls,kulki
destroyed,zniszczony
ended,zakończyło się
universe,wszechświat
prepare,przygotować
opinion,opinia
movies,kino
soldier,żołnierz
wash,myć się
program,program
heat,ciepło
usual,zwykły
ticket,bilet
stolen,skradziony
prefer,woleć
aware,świadomy
surely,pewno
male,mężczyzna
base,baza
matters,spraw
lift,winda
lab,laboratorium
command,komenda
proof,dowód
cream,krem
selling,sprzedawanie
believed,wierzył
create,stwórz
h,h
afford,pozwalać
sunday,niedziela
total,całkowity
dumb,głupi
threw,rzucił
france,francja
birth,narodziny
created,utworzony
realized,realizowany
british,brytyjski
noise,hałas
nuts,orzechy
students,studenci
birds,ptaki
social,społeczny
brilliant,znakomity
bodies,ciała
tie,krawat
opened,otwierany
ours,nasz
bucks,bucks
kevin,kevin
mister,pan
ugly,brzydki
ryan,ryan
focus,skupiać
dan,dan
opens,otwiera się
exist,istnieć
followed,po nim
england,anglia
draw,remis
purpose,zamiar
letters,listy
daniel,daniel
opening,otwarcie
bullet,pocisk
anna,ania
lately,ostatnio
stayed,został
falling,spadający
season,pora roku
ends,kończy się
suggest,sugerować
joy,radość
distance,dystans
responsibility,odpowiedzialność
whenever,zawsze, gdy
issue,kwestia
thousands,tysiące
process,proces
sword,miecz
shower,kabina prysznicowa
weak,słaby
fucked,pieprzony
lonely,samotny
happiness,szczęście
eric,eric
tiny,malutki
desk,biurko
pool,basen
property,własność
forced,wymuszony
settle,rozstrzygnąć
indistinct,niewyraźny
weight,waga
received,odebrane
gang,banda
bite,ugryzienie
friday,piątek
disappeared,zniknął
interview,wywiad
expecting,przy nadziei
kinda,poniekąd
surgery,chirurgia
horses,konie
mayor,burmistrz
babe,dziecko
ancient,starożytny
handsome,przystojny
thomas,tomasz
saturday,sobota
staff,personel
lines,linie
unit,jednostka
fan,miłośnik
gentleman,pan
introduce,przedstawiać
fate,los
split,rozdzielać
recently,ostatnio
expected,spodziewany
add,dodaj
ordered,zamówiono
slowly,powoli
alarm,alarm
member,członek
slept,spał
signed,podpisane
enter,wejść
spanish,hiszpański
garden,ogród
brings,przynosi
brave,odważny
pig,świnia
model,model
finger,palec
medicine,lekarstwo
access,dostęp
failed,przegrany
flat,mieszkanie
easily,z łatwością
discovered,odkryty
based,na podstawie
screw,śruba
insane,obłąkany
cares,troszczy się
weather,pogoda
fingers,palce
san,san
scott,scott
path,ścieżka
soft,miękki
harm,zaszkodzić
style,styl
community,wspólnota
sees,widzi
basically,zasadniczo
al,glin
signal,sygnał
nope,nie
spare,zapasowy
speech,przemówienie
covered,pokryty
shake,potrząsnąć
loose,luźny
snow,śnieg
russian,rosyjski
lake,jezioro
bright,jasny
roof,dach
ohh,ohh
sending,wysyłanie
paint,farba
remind,przypominać
pal,kumpel
naked,nagi
post,poczta
sugar,cukier
heading,nagłówek
streets,ulice
damage,szkoda
silence,cisza
doors,drzwi
pete,pete
ed,wyd
success,powodzenie
wet,mokro
nah,nie
amount,ilość
members,członkowie
kate,kate
manage,zarządzać
safety,bezpieczeństwo
returned,zwrócony
harder,trudniej
fbi,fbi
block,blok
showing,seans
fancy,wymyślny
chef,szef kuchni
contract,kontrakt
dig,kopać
chest,skrzynia
good-bye,do widzenia
drinks,napoje
dave,dave
buried,pochowany
brian,brian
trade,handel
journey,podróż
stomach,żołądek
changes,zmiany
details,detale
thoughts,myśli
divorce,rozwód
funeral,pogrzeb
maria,maria
football,piłka nożna
reality,rzeczywistość
theory,teoria
gosh,boże
ruined,zrujnowany
gate,brama
william,william
spread,rozpiętość
outta,outta
japanese,język japoński
sudden,nagły
coat,płaszcz
sooner,wcześniej
cheese,ser
larry,larry
spring,wiosna
page,strona
ears,uszy
simon,szymon
castle,zamek
hidden,ukryty
storm,burza
cos,sałata
personally,osobiście
artist,artysta
hill,wzgórze
exciting,ekscytujący
permission,pozwolenie
jerry,nocnik
expensive,kosztowny
tickets,bilety
forest,las
barely,ledwie
eggs,jajka
goin,wejść
regret,żal
lesson,lekcja
lover,kochanek
bread,chleb
andy,andy
subject,przedmiot
legal,prawny
growing,rozwój
ill,chory
jason,jason
mood,nastrój
owner,właściciel
caused,spowodowany
beeping,sygnał dźwiękowy
points,zwrotnica
dating,randki
loss,strata
secretary,sekretarz
revenge,zemsta
santa,święty
likely,prawdopodobne
rent,wynajem
connection,połączenie
assistant,asystent
reasons,powody
yelling,wrzeszczał
painting,obraz
trees,drzewa
doctors,lekarze
rush,wysypka
foreign,zagraniczny
rough,surowy
murderer,morderca
century,wiek
nights,noce
pair,para
runs,biegi
pocket,kieszeń
farm,gospodarstwo rolne
matt,matt
bike,rower
obvious,oczywiste
ate,jedli
grew,dorastał
professional,profesjonalny
tim,tim
goodness,dobroć
parts,części
alan,alan
university,uniwersytet
square,kwadrat
grandfather,dziadek
europe,europa
genius,geniusz
cases,sprawy
ruin,ruina
winter,zima
tongue,język
memories,wspomnienia
da,da
buying,kupowanie
cancer,nowotwór
clock,zegar
ocean,ocean
dna,dna
liar,kłamca
tour,wycieczka
thief,złodziej
bleep,bleep
lisa,lisa
rights,prawa
including,włącznie z
competition,konkurencja
smith,kowal
planned,zaplanowany
emily,emilia
boring,nudy
victims,ofiary
mentioned,wspomniany
bones,kości
plant,zakład
bless,błogosławić
warning,ostrzeżenie
knocking,pukanie
re,odnośnie
crash,rozbić się
bedroom,sypialnia
lower,niżej
silver,srebro
groaning,jęczeć
madame,pani
defense,obrona
results,wyniki
toilet,toaleta
event,wydarzenie
complicated,skomplikowany
shape,kształt
priest,kapłan
royal,królewski
cheap,tani
romantic,romantyczny
downstairs,na dole
invite,zapraszać
fortune,fortuna
tears,łzy
avoid,unikać
reached,osiągnięty
higher,wyższy
familiar,znajomy, rodzinny
telephone,telefon
burning,palenie
filled,wypełniony
kelly,kelly
alice,alice
airport,lotnisko
jobs,oferty pracy
grown,dorosły
walter,walter
rachel,rachel
giant,ogromny
insurance,ubezpieczenie
woods,las
n,n
scare,przestraszyć
pleased,zadowolony
period,kropka
political,polityczny
player,gracz
stops,przystanki
secrets,tajniki
laura,laura
repeat,powtarzać
photos,zdjęcia
finds,znaleziska
statement,oświadczenie
suck,ssać
younger,młodszy
china,chiny
humans,ludzie
delicious,pyszne
particular,konkretny
proper,właściwy
rome,rzym
belongs,należy
attacked,zaatakowany
bath,kąpiel
hired,zatrudniony
site,strona
knowledge,wiedza
b,b
led,doprowadziło
guests,goście
celebrate,świętować
map,mapa
horn,klakson
eventually,ostatecznie
pity,szkoda
powers,uprawnienie
ashamed,zawstydzony
assume,założyć
glasses,okulary
rise,wzrastać
fixed,naprawił
request,żądanie
officers,oficerowie
pounds,funty
data,dane
carefully,ostrożnie
per,za
depends,zależy
jury,jury
waited,czekałem
positive,pozytywny
attorney,adwokat
direction,kierunek
families,rodziny
clock,zegar
doin,doin
forces,siły
location,lokalizacja
walls,ściany
useless,bezużyteczny
grant,dotacja
saving,oszczędność
speaks,mówi
fought,walczył
meal,posiłek
deliver,dostarczyć
answers,odpowiedzi
changing,wymiana pieniędzy
temple,świątynia
scary,straszny
millions,miliony
offered,oferowany
regular,regularny
carrying,niosąc
official,urzędnik
jacket,kurtka
switch,przełącznik
grave,mogiła
chase,pościg
role,rola
odd,dziwne
sexy,seksowny
faces,twarze
becomes,staje się
closes,zamyka
badly,źle
tall,wysoki
confused,zmieszany
affair,romans
television,telewizja
shock,zaszokować
raised,uniesiony
panting,dysząc
pizza,pizza
image,obraz
clears,oczyszczenia
golden,złoty
patients,pacjenci
watched,obejrzane
committed,zaangażowany
sexual,seksualny
suffer,cierpieć
arthur,arthur
wherever,gdziekolwiek
plate,talerz
appear,pojawić się
chocolate,czekolada
clever,sprytny
hm,hm
mercy,łaska
shots,strzały
lucy,lucy
dealing,postępowanie
trap,pułapka
charges,opłaty
phil,phil
bang,huk
poison,zatruć
butt,krupon
drove,stado
yourselves,się
headed,głowiasty
babies,dzidziusie
yellow,żółty
soup,zupa
mystery,tajemnica
picking,owocobranie
sat,sat
wound,rana
traffic,ruch drogowy
courage,odwaga
hunt,polowanie
indian,indyjski
rat,szczur
terms,semestry
italian,włoski
emma,emma
checking,kontrola
disease,choroba
managed,zarządzany
winner,zwycięzca
council,rada
appointment,wizyta, umówione spotkanie
monday,poniedziałek
crack,pękać
threat,groźba
jenny,przędzarka
physical,fizyczny
nation,naród
source,źródło
chose,wybrał
healthy,zdrowy
carl,carl
victory,zwycięstwo
rick,stóg
stood,stał
kicked,kopnięty
annie,annie
disgusting,obrzydliwy
palace,pałac
below,poniżej
shopping,zakupy
neighborhood,sąsiedztwo
march,marsz
lips,usta
midnight,środek nocy
piss,siki
advantage,korzyść
pure,czysty
india,indie
aside,na bok
jerk,szarpać
mail,poczta
dawn,świt
effect,efekt
spell,zaklęcie
freak,dziwak
wood,drewno
screwed,pijany
enemies,wrogowie
gary,gary
awake,obudzić
chuckling,chichot
vacation,wakacje
violence,przemoc
leo,lew
grandmother,babcia
modern,nowoczesny
luke,łukasz
firm,solidny
prime,główny
heh,heh
touched,wzruszony
talent,talent
whore,kurwa
piano,fortepian
license,licencja
cooking,gotowanie
honour,zaszczyt
concern,sprawa
moves,ruchy
available,do dyspozycji
factory,fabryka
gods,bogowie
value,wartość
central,centralny
union,unia
mirror,lustro
studio,studio
media,głoska bezdźwięczna
taxi,taxi
dies,umiera
iron,żelazo
hearts,kiery
desire,pragnienie
rob,obrabować
claire,claire
fred,fred
songs,piosenki
washington,waszyngton
monkey,małpa
pride,duma
pills,pigułki
miracle,cud
swim,pływać
burned,spalony
smells,zapach
joking,żartowanie
christian,chrześcijanin
bleeding,krwawienie
hook,hak
beating,bicie
protection,ochrona
treatment,leczenie
ear,ucho
carter,furman
metal,metal
disappear,znikać
grateful,wdzięczny
extremely,niezwykle
treasure,skarb
rescue,ratować
capable,zdolny
passing,przechodzący
chatter,gadać
result,wynik
suffering,cierpienie
sisters,siostry
laid,położony
governor,gubernator
guards,gwardia
louis,louis
text,tekst
literally,dosłownie
remove,usunąć
becoming,twarzowy
performance,wydajność
stronger,silniejszy
rate,wskaźnik
deeply,głęboko
scream,krzyk
desert,pustynia
vehicle,pojazd
illegal,nielegalny
pulling,ciągnięcie
throwing,rzucanie
josh,josh
unbelievable,nie do wiary
ted,przetrząsać
zero,zero
dean,dziekan
curious,ciekawski
sean,sean
candy,cukierek
bone,kość
tied,zawiązany
edge,brzeg
load,załaduj
susan,susan
ahh,ahh
mountains,góry
boom,bum
former,dawny
holiday,święto
riding,jazda konna
scoffs,szydzi
hundreds,setki
motherfucker,skurwysynek
sue,pozwać
bags,torebki
stealing,kradzież
appears,wydaje
arrive,przyjechać
remains,pozostaje
decent,przyzwoity
issues,zagadnienia
tip,wskazówka
fail,ponieść porażkę
bride,panna młoda
pissed,zalany
penny,grosz
claim,prawo
friendship,przyjaźń
desperate,zdesperowany
flower,kwiat
dramatic,dramatyczny
refuse,odrzucać
solve,rozwiązywać
theme,motyw
loving,kochający
properly,odpowiednio
dragon,smok
mostly,przeważnie
chuck,gdakanie
directly,bezpośrednio
surface,powierzchnia
FALSE,fałszywy
cast,rzucać
junior,junior
hunting,polowanie
silent,cichy
thou,ty
egg,jajko
germany,niemcy
punch,dziurkacz
africa,afryka
woke,obudził
intelligence,inteligencja
borrow,pożyczyć
winning,zwycięski
falls,spada
popular,popularny
escaped,uciekł
witch,czarownica
convinced,przekonany
warn,ostrzegać
announcer,spiker
champagne,szampan
dust,pył
kyle,kyle
someday,pewnego dnia
fallen,upadły
stranger,nieznajomy
presence,obecność
tear,łza
st.,st.
internet,internet
monsieur,lord
therefore,dlatego
technology,technologia
tires,opony
toast,toast
wise,mądry
clark,clark
americans,amerykanie
notes,notatki
smoking,palenie
hank,motek
ls,ls
april,kwiecień
wolf,wilk
precious,cenny
rooms,pokoje
coast,wybrzeże
treated,leczony
material,materiał
released,wydany
uniform,mundur
hated,znienawidzony
considered,uważane
rice,ryż
exchange,wymieniać się
steps,kroki
blake,blake
convince,przekonać
beast,bestia
cow,krowa
files,akta
signs,oznaki
drag,ciągnąć
cab,taksówka
hung,zawieszony
carried,realizowane
ordinary,zwykły
successful,odnoszący sukcesy
eve,przeddzień
mistakes,błędy
houses,domy
chattering,gadanie
brains,mózg
japan,japonia
creature,kreatura
fourth,czwarty
separate,oddzielny
cleaning,czyszczenie
california,kalifornia
lf,lf
ll,ll
shift,zmiana
elizabeth,elizabeth
chicago,chicago
exact,dokładny
karen,karen
goal,bramka
expert,ekspert
served,podawane
direct,bezpośredni
score,wynik
row,wiersz
marks,znaki
twenty,20
receive,odbierać
series,seria
section,sekcja
pilot,pilot
jackson,jackson
darkness,ciemność
thy,twój
sale,wyprzedaż
destiny,przeznaczenie
cure,lek
spoken,mówiony
armed,uzbrojony
rare,rzadki
helen,helen
grade,gatunek
juice,sok
wide,szeroki
tower,wieża
solution,rozwiązanie
schedule,harmonogram
explosion,eksplozja
wheel,koło
cigarette,papieros
julie,julie
fruit,owoc
blew,blew
victor,zwycięzca
talks,rozmowy
sacrifice,poświęcenie
range,zasięg
button,przycisk
reports,raporty
prisoner,więzień
pie,ciasto
effort,wysiłek
youth,młodzież
pot,garnek
eaten,zjedzony
taylor,taylor
knees,kolana
garage,garaż
parking,parking
ambulance,karetka
staring,gapiowski
chances,szanse
circumstances,okoliczności
sin,grzech
gordon,gordon
progress,postęp
unusual,niezwykłe
county,hrabstwo
stairs,schody
campaign,kampania
mon,mon
vision,wizja
reporter,reporter
equipment,ekwipunek
moments,chwile
joey,joey
mass,masa
alien,obcy
trapped,uwięziony
helps,pomaga
route,trasa
defend,bronić
trace,namierzać
nasty,paskudny
tests,testy
magazine,czasopismo
rocks,skały
dump,wysypisko
rude,niegrzeczny
searching,badawczy
clue,wskazówka
connected,połączony
amen,amen
pushed,pchany
merry,radosny
zone,strefa
senior,senior
closing,zamknięcie
freeze,zamrażać
emperor,cesarz
incident,incydent
snake,wąż
mexico,meksyk
lily,lilia
actor,aktor
newspaper,gazeta
sentence,wyrok
greg,greg
leading,prowadzący
friendly,przyjazny
jones,jones
chosen,wybrany
engaged,zaręczony
julia,julia
charming,uroczy
mustn,mustn
anger,gniew
spending,wydatki
learning,uczenie się
spy,szpieg
sharp,ostry
shadow,cień
warrant,nakaz
elevator,winda
kingdom,królestwo
ricky,ricky
jamie,jamie
squad,drużyna
shoulder,ramię
wave,fala
amanda,amanda
highness,wygórowanie
kinds,rodzaje
fishing,wędkarstwo
sometime,czasami
attitude,nastawienie
sucks,suck
negative,negatywny
screen,ekran
workers,pracownicy
bored,znudzony
cameras,kamery
similar,podobny
understanding,zrozumienie
beeps,sygnały dźwiękowe
chain,łańcuch
bull,byk
gasping,bez tchu
fully,w pełni
robin,rudzik
collect,zebrać
gorgeous,przepiękny
morgan,morgan
passion,pasja
writer,pisarz
empire,imperium
international,międzynarodowy
curse,przekleństwo
hire,wynajmować
bastards,bastardowie
puts,pass
leads,wskazówki
id,id
blows,blows
sons,synowie
estate,osiedle
customers,klienci
maggie,maggie
gunshot,postrzałowy
i-,i-
device,urządzenie
troops,wojsko
hug,uścisk
design,projekt
movement,ruch
thunder,grzmot
object,obiekt
loser,przegrany
pen,długopis
sobbing,sobbing
politics,polityka
despite,mimo
alcohol,alkohol
climb,wspinać się
clients,klienci
conference,konferencja
provide,dostarczać
marty,marty
seek,szukać
witnesses,świadkowie
earn,zarabiać
trash,śmieci
valley,dolina
fashion,moda
howard,howard
episode,epizod
prize,nagroda
previously,poprzednio
sports,sporty
wanting,brakujący
debt,dług
wishes,życzenia
hitler,hitler
wire,drut
thee,ciebie
circle,okrąg
approach,zbliżać się
stock,zbiory
facts,fakty
remembered,zapamiętany
percent,procent
normally,normalnie
tail,ogon
joined,dołączył
education,edukacja
bravo,brawo
library,biblioteka
rape,rzepak
wings,skrzydełka
growling,warczenie
thrown,rzucony
tank,czołg
exhales,wydech
authority,autorytet
current,obecny
failure,awaria
nightmare,koszmar
hitting,uderzenie
glory,chwała
knocked,zapukał
studying,uczenie się
barry,barry
agency,agencja
apple,jabłko
border,granica
rope,lina
duck,kaczka
reputation,reputacja
confidence,zaufanie
yard,dziedziniec
beloved,ukochany
lack,brak
actual,rzeczywisty
skills,umiejętności
films,filmy
mental,psychiczny
salt,sól
flesh,ciało
anne,anne
secure,bezpieczne
highly,wysoko
federal,federalny
sand,piasek
emotional,emocjonalny
setting,ustawienie
nothin,nic
senator,senator
services,usługi
robbery,rozbój
hates,nienawidzi
fed,karmiony
reward,nagroda
theater,teatr
johnson,johnson
commit,popełniać
patrick,patrick
entirely,całkowicie
extraordinary,nadzwyczajny
ships,statki
opposite,naprzeciwko
parties,imprezy
stands,stoi
terry,terry
chat,czat
events,wydarzenia
mummy,mumia
bay,zatoka
slip,poślizg
disappointed,rozczarowany
settled,zadomowiony
begins,zaczyna się
andrew,andrzej
alert,alarm
detail,szczegół
pink,różowy
fellas,faceci
accepted,przyjęty
background,tło
garbage,śmieci
panic,panika
minds,umysły
belt,pas
blowing,dmuchanie
hollywood,hollywood
agreement,umowa
jackie,jackie
pushing,popychanie
ability,umiejętność
tiger,tygrys
whispering,szeptanie
culture,kultura
saint,święty
jesse,jesse
task,zadanie
solid,solidny
doll,lalka
intend,zamierzać
district,dzielnica
pa,rocznie
gee,ojej
custody,opieka
ignore,ignorować
naturally,naturalnie
useful,użyteczne
attempt,próba
abandoned,opuszczony
cutting,ciąć
kissed,pocałowany
guarantee,gwarancja
barking,korowanie
gather,zebrać
policy,polityka
u.s.,nas.
violent,brutalny
maid,pokojówka
embarrassing,żenujący
childhood,dzieciństwo
wasting,zmarnowanie
bow,kokarda
chick,pisklę
sara,sara
disaster,katastrofa
revolution,rewolucja
online,online
f,f
demon,demon
heavily,ciężko
coincidence,zbieg okoliczności
perform,odgrywać
thin,cienki
terrific,przerażający
mac,prochowiec
crown,korona
identity,tożsamość
virgin,dziewica
impressive,imponujący
windows,okna
no-one,nikt
potential,potencjał
guitar,gitara
committee,komisja
dozen,tuzin
delivery,dostawa
advance,osiągnięcie
quietly,cicho
stan,stan
teaching,nauczanie
hunter,łowca
latest,najnowszy
hurting,bolesne
swing,huśtać się
capital,kapitał
counting,rachunkowość
drew,rysował
dirt,brud
whistle,gwizdać
marie,marie
hits,trafienia
doug,doug
deny,zaprzeczyć
urgent,pilne
threatened,zagrożony
behavior,zachowanie
molly,pedał
mixed,mieszany
stays,gorset
assure,gwarantować
subtitles,napisy na filmie obcojęzycznym
explanation,wyjaśnienie
wins,wygrywa
unique,unikalny
chasing,ściganie
billion,miliard
duke,książę
production,produkcja
slave,niewolnik
agents,agenci
carol,kolęda
lets,pozwól
cruel,okrutny
mask,maska
sally,wypad
behave,zachowywać się
bury,pogrzebać
massive,masywny
pathetic,żałosne
species,gatunek
approaching,zbliżający się
jo,jo
loan,pożyczka
struggle,walka
dish,danie
trusted,zaufany
jumped,skoczył
firing,ostrzał
channel,kanał
abby,abby
stopping,zatrzymanie
asks,pyta
jean,drelich
swimming,pływanie
daily,codzienny
basement,piwnica
linda,linda
quarter,kwartał
erm,erm
bound,zobowiązany
navy,marynarka wojenna
article,artykuł
guide,przewodnik
accused,oskarżony
transfer,przenosić
guts,wnętrzności
quality,jakość
fella,koleś
roman,rzymski
greater,większy
damned,cholernie
couch,kanapa
cheer,wiwat
vegas,vegas
shoe,but
title,tytuł
shy,nieśmiały
punishment,kara
los,los
clicks,kliknięcia
you,ty
closet,gabinet
bye-bye,pa pa
fever,gorączka
coward,tchórz
flash,lampa błyskowa
impressed,pod wrażeniem
bruce,bruce
siren,syrena
prisoners,więźniowie
sides,boki
bowl,miska
katie,katie
supply,dostarczać
sensitive,wrażliwy
hopefully,ufnie
rolling,walcowanie
roy,roy
dollar,dolar
tone,ton
voices,głosy
g,g
i,i
cheating,oszukiwanie
confess,wyznać
demand,żądanie
museum,muzeum
unknown,nieznany
drama,dramat
suspicious,podejrzany
adult,dorosły
todd,todd
frightened,przerażony
warned,ostrzeżony
steady,stały
kills,zabójstwa
crossed,skrzyżowane
lou,lou
particularly,w szczególności
sandwich,kanapka
laws,prawa
joint,wspólny
bullets,kule
package,pakiet
trained,przeszkolony
thursday,czwartek
boots,buty
possibility,możliwość
albert,albert
civil,cywilny
june,czerwiec
germans,niemcy
baseball,baseball
express,wyrazić
miserable,nieszczęśliwy
tuesday,wtorek
parker,parker
lion,lew
joseph,joseph
refused,odrzucony
shine,połysk
assault,napaść
hong,hong
jokes,żarby
breaks,przerwy
argue,kłócić się
you-,ty-
trail,ścieżka
option,opcja
recall,przypomnienie sobie czegoś
mighty,potężny
collection,kolekcja
oliver,oliver
wilson,wilson
accent,akcent
believes,wierzy
decisions,decyzje
embarrassed,zakłopotany
mobile,mobilny
customer,klient
terribly,niemożliwie
sec,sec
charity,jałmużna
considering,rozważając
pussy,kiciuś
donna,donna
protecting,ochrona
flag,flaga
kidnapped,porwany
italy,włochy
balance,saldo
creatures,stworzenia
nuclear,jądrowy
wallet,portfel
shout,krzyczeć
vincent,vincent
entered,weszła
impression,wrażenie
angela,angela
jay,sójka
degrees,stopni
favour,przychylność
reaction,reakcja
network,sieć
jessica,jessica
version,wersja
concert,koncert
gear,bieg
singer,piosenkarz
diamond,diament
defeat,pokonać
steven,steven
lane,uliczka
blast,podmuch
wounded,ranny
anytime,w dowolnym momencie
partners,wzmacniacz
ages,wieczność
charlotte,charlotte
ceremony,ceremonia
league,liga
bars,słupy
orange,pomarańczowy
specific,konkretny
conditions,warunki
plastic,plastikowy
crisis,kryzys
fifth,piąty
term,termin
self,samego siebie
offering,oferując
bud,pączek
suffered,cierpiał
reported,zgłoszone
commissioner,komisarz
rip,rozerwać
mysterious,tajemniczy
entrance,wejście
messed,pomieszany
tunnel,tunel
designed,zaprojektowany
neighbor,sąsiad
aboard,na
sweat,pot
justin,justin
ghosts,duchy
crimes,przestępstwa
costs,koszty
deserves,zasługuje na
dreaming,marzenie
bust,biust
el,el
teddy,miś
kong,kong
messages,wiadomości
enjoying,ciesząc
afterwards,następnie
comfort,komfort
mason,mason
surrender,poddać się
gym,siłownia
kitty,koteczek
crush,zmiażdżyć
yup,tak
arranged,ułożony
suits,garnitury
pee,robić siku
stress,stres
cave,jaskinia
wing,skrzydło
jordan,jordania
arrange,zorganizować
comrade,towarzysz
noble,szlachetny
tricks,wydziwianie
betty,betty
launch,początek
legend,legenda
mix,mieszać
golf,golf
imagination,wyobraźnia
fox,lis
kissing,całowanie
butter,masło
tax,podatek
gross,obrzydliwy
edward,edward
texas,teksas
insist,nalegać
marcus,marcus
classic,klasyczny
selfish,samolubny
skull,czaszka
frankie,frankie
shown,pokazane
bat,nietoperz
survived,przeżył
print,wydrukować
champion,mistrz
bills,rachunki
therapy,terapia
lifetime,dożywotni
throughout,na wskroś
a.m.,jestem.
nathan,nathan
toward,w kierunku
sauce,sos
experiment,eksperyment
margaret,małgorzata
describe,opisać
ross,ross
grass,trawa
cheat,oszukać
attend,brać udział w
homework,praca domowa
lewis,chwytak
betrayed,zdradzony
servant,sługa
cap,czapka
tyler,tyler
bible,biblia
practically,praktycznie
catherine,catherine
steel,stal
wipe,wytrzeć
burns,burns
j,j
generation,pokolenie
cabin,kabina
financial,budżetowy
industry,przemysł
bond,obligacja
sheep,owce
scientists,naukowcy
beaten,bity
heck,heck
deck,talia kart
fans,wentylatory
script,scenariusz
brand,marka
degree,stopień
painful,bolesny
coughing,kaszel
religion,religia
cats,koty
stephen,stephen
influence,wpływ
fuel,paliwo
drawing,rysunek
uh-oh,o o
rabbit,królik
exercise,ćwiczenie
attractive,atrakcyjny
touching,wzruszające
virus,wirus
realise,realizować
torture,torturować
blessed,błogosławiony
plain,zwykły
rebecca,rebecca
recent,ostatni
barbara,barbara
footsteps,ślady
sacred,poświęcony
removed,usunięty
pretending,udawanie
wasted,zmarnowany
jewish,żydowski
goodnight,dobranoc
robot,robot
crystal,kryształ
confirm,potwierdzać
lad,chłopak
mile,mila
division,podział
scratch,zadrapanie
reminds,przypomina
walks,spacery
ending,kończący się
russia,rosja
contest,konkurs
valuable,wartościowy
distant,odległy
dumped,porzucone
motion,ruch
electricity,elektryczność
centre,środek
murders,morderstwa
tina,tina
jeremy,jeremy
seal,foka
standard,standard
ellen,ellen
wore,nosił
surrounded,otoczony
struck,uderzony
inform,poinformować
gentle,delikatny
status,status
purse,portmonetka
prints,wydruki
players,gracze
charged,naładowany
begging,żebranie
delivered,dostarczony
kenny,kenny
buck,bryknięcie
nina,nina
construction,budowa
confirmed,potwierdzony
confession,wyznanie
trigger,cyngiel
cells,komórki
frankly,szczerze mówiąc
ali,ali
exit,wyjście
response,odpowiedź
cancel,anulować
argument,argument
principal,główny
turkey,indyk
lucas,lucas
clinic,klinika
greetings,pozdrowienia
neighbors,sąsiedzi
vice,wice
toy,zabawka
hannah,hanna
everyday,codzienny
generous,hojny
gain,osiągać
idiots,idioci
holly,ostrokrzew
enjoyed,cieszył się
jungle,dżungla
link,połączyć
underground,pod ziemią
smiling,uśmiechając się
mistress,kochanka
teams,zespoły
product,produkt
beef,wołowina
whispers,szepty
religious,religijny
presents,przedstawia
identify,zidentyfikować
chip,żeton
chffffff,chffffff
surveillance,nadzór
carlos,carlos
vampire,wampir
routine,rutyna
uses,użycie
michelle,michelle
underneath,pod spodem
systems,systemy
temperature,temperatura
waves,fale
tribe,plemię
brad,ćwiek
deputy,zastępca
sophie,zofia
headquarters,siedziba
equal,równy
phones,telefony
ken,rozpoznać
reckon,liczyć się
related,związane z
incredibly,niewiarygodnie
chill,chłod
spit,pluć
tracks,utwory
oscar,oscar
makeup,makijaż
bug,błąd
sounded,brzmiało
spirits,duchy
nerve,nerw
divorced,rozwiedziony
stake,stawka
port,port
doorbell,dzwonek do drzwi
worries,zmartwienia
nephew,siostrzeniec
miller,młynarz
units,jednostki
just-,tylko-
proceed,przystępować
landing,lądowanie
traitor,zdrajca
outfit,strój
chloe,chloe
bail,kaucja
fields,pola
patience,cierpliwość
recording,nagranie
foolish,niemądry
loaded,załadowany
tokyo,tokio
davis,davis
costume,kostium
wayne,wayne
injured,ranny
somethin,coś
ian,ian
pet,zwierzak domowy
cage,klatka szybowa
digging,kopanie
spain,hiszpania
seats,siedzenia
awkward,niezręczny
cleaned,wyczyszczony
pattern,wzorzec
filthy,brudny
visiting,przyjezdny
jews,żydzi
answering,odpowiedź
concentrate,skupiać się
someplace,jakieś miejsce
citizens,obywatele
aim,cel
nancy,nancy
affairs,sprawy
thick,gruby
sport,sport
basic,podstawowy
electric,elektryczny
pleasant,przyjemne
cliff,klif
nail,gwóźdź
russell,russell
environment,środowisko
western,zachodni
average,przeciętny
ease,łatwość
raped,zgwałcony
interrupt,przerwać
judy,judy
satisfied,zadowolona
beep,brzęczyk
starving,głodujący
documents,dokumenty
anniversary,rocznica
beth,beth
election,wybór
warrior,wojownik
r,r
forth,naprzód
fetch,aportować
banks,banki
placed,umieszczony
timing,wyczucie czasu
stones,kamienie
complex,złożony
frozen,mrożony
replace,zastąpić
prayer,modlitwa
skip,pomijać
angeles,angeles
guilt,wina
tune,melodia
woo,zabiegać
actions,działania
conscience,sumienie
officially,oficjalnie
martha,martha
machines,maszyny
smaller,mniejszy
determined,ustalona
blown,nadęty
hail,grad
unhappy,nieszczęśliwy
booth,budka
pour,wlać
berlin,berlin
cleared,wyczyszczone
packed,zapakowane
wrap,zawinąć
randy,krzykliwy
behalf,w imieniu
reasonable,rozsądny
trunk,pień
homes,domy
festival,festiwal
tradition,tradycja
cigarettes,papierosy
le,le
beside,obok
harvey,harvey
motive,motyw
beings,istoty
bishop,biskup
dealer,kupiec
defendant,pozwany
backup,utworzyć kopię zapasową
wounds,rany
ouch,auć
ann,ann
nearby,w pobliżu
drank,pił
effects,efekty
jonathan,jonathan
dennis,dennis
benefit,korzyść
adventure,przygoda
p,p
territory,terytorium
ve,ve
apology,przeprosiny
dylan,dylan
unlike,w odróżnieniu
owns,jest właścicielem
boxes,pudła
thus,zatem
clay,glina
developed,rozwinięty
busted,zatrzymany
pipe,rura
gray,szary
no.,nie.
goods,dobra
favourite,ulubiony
salad,sałatka
loyal,wierny
atmosphere,atmosfera
eva,eva
freaking,cholernie
dropping,rzut
strangers,nieznajomi
mouse,mysz
downtown,śródmieście
francisco,francisco
heroes,bohaterowie
pit,dół
rotten,zgniły
paradise,raj
meantime,w międzyczasie
jess,pęto
organization,organizacja
hills,wzgórza
exam,egzamin
cock,kogut
fairy,wróżka
earl,hrabia
comment,komentarz
activity,działalność
frame,rama
knight,rycerz
testing,testowanie
habit,nawyk
shelter,schron
flow,pływ
jennifer,jennifer
holes,dziury
prevent,zapobiegać
anthony,anthony
lend,pożyczać
cooper,bednarz
figures,figury
boston,boston
sample,próbka
strip,rozebrać się
landed,wylądował
buzzing,brzęczenie
monk,mnich
slightly,nieznacznie
produce,produkować
annoying,irytujący
judgment,osąd
laundry,pranie
ron,ron
lousy,parszywy
souls,dusze
existence,istnienie
belly,brzuch
tries,próbuje
foster,pielęgnować
returning,powracający
answered,odpowiedział
ward,oddział
plants,rośliny
actress,aktorka
chairman,przewodniczący
individual,indywidualny
hopes,nadzieje
tattoo,tatuaż
fence,ogrodzenie
sink,zlew
punk,punk
confident,pewny siebie
yay,yay
mistaken,błędny
limit,limit
bothering,niepokojące
st,st
uncomfortable,niewygodny
wednesday,środa
gifts,prezenty
policeman,policjant
na,na
precisely,dokładnie
lawyers,prawnicy
greek,grecki
merely,zaledwie
criminals,przestępcy
underwear,bielizna
hoped,miał nadzieję
earned,zarobiony
reveal,ujawnić
appeared,pojawił się
derek,derek
heavens,niebiosa
personality,osobowość
batman,ordynans
virginia,virginia
wives,żony
colour,kolor
worker,pracownik
pope,papież
instructions,instrukcje
intelligent,inteligentny
worrying,niepokojący
vince,vince
comin,comin
cried,płakał
traveling,podróżny
bells,dzwony
x,x
impact,uderzenie
robbed,okradził
relief,ulga
host,gospodarz
footage,materiał filmowy
odds,szanse
patrol,patrol
circus,cyrk
mud,błoto
captured,schwytany
lessons,lekcje
occasion,okazja
sets,zestawy
pulse,puls
ad,ogłoszenie
invented,wynaleziony
diamonds,diamenty
matthew,mateusz
auntie,ciocia
cloud,chmura
francis,francis
angels,aniołowie
hers,jej
classes,zajęcia
mm-hm,mm-hm
signature,podpis
complain,skarżyć się
blah,bla
monitor,monitor
options,opcje
claims,roszczenia
flies,muchy
pat,poklepać
britain,brytania
hid,ukryć
wailing,zawodzenie
listened,słuchałem
countries,kraje
vic,vic
yell,krzyk
rats,szczury
wondered,zastanawiał się
smooth,gładki
resist,oprzeć się
companies,firmy
fantasy,fantazja
passport,paszport
pitch,poziom
hammer,młot
homicide,zabójstwo
casey,casey
holds,trzyma
flew,latał
jacob,jakub
noon,południe
helicopter,śmigłowiec
dishes,dania
spin,obracać
charm,czar
slap,policzkować
apply,stosować
fools,głupcy
screeching,pisk
discover,odkryć
previous,poprzedni
kit,zestaw
authorities,władze
moaning,beczenie
photograph,fotografia
sales,sprzedaż
fifty,pięćdziesiąt
mickey,mickey
beneath,pod
farewell,pożegnanie
clouds,chmury
slipped,poślizgnął
represent,przedstawiać
deaf,głuchy
facing,okładzina
offense,wykroczenie
citizen,obywatel
clown,błazen
snap,pstryknąć
messing,bałagan
hood,kaptur
twelve,dwanaście
interests,zainteresowania
cheated,oszukany
liz,liz
informed,powiadomiony
humanity,ludzkość
producer,producent
technically,technicznie
accounts,konta
extreme,skrajny
gettin,gettin
cia,cia
ii,ii
pays,płaci
profile,profil
oxygen,tlen
jeez,jezu
gene,gen
shed,szopa
minor,drobny
ex,były
theatre,teatr
scientific,naukowy
lovers,zakochani
chaos,chaos
l.a.,la.
rocket,rakieta
math,matematyka
stubborn,uparty
august,sierpień
oi,oi
chips,frytki
intense,intensywny
grey,szary
talkin,talkin
terrorist,terrorysta
angle,kąt
invitation,zaproszenie
gus,gus
gambling,hazard
respond,reagować
thirty,trzydzieści
procedure,procedura
absolute,absolutny
investigate,prowadzić śledztwo
tragedy,tragedia
stable,stabilny
session,sesja
capture,zdobyć
marrying,poślubienie
ripped,podarte
attacks,ataki
stretch,rozciągać się
bush,krzak
dates,daktyle
unable,niezdolny
gates,bramy
mars,mars
artists,artyści
increase,zwiększać
tastes,smak
cared,dbał
bottles,butelki
highest,najwyższy
whirring,whirring
meanwhile,w międzyczasie
nate,nate
grabbed,chwyciła
pigs,wieprzowy
chop,siekać
olivia,olivia
wheels,koła
shocked,wstrząśnięty
reverend,czcigodny
commercial,reklama w telewizji
escort,eskorta
engagement,zaręczyny
corpse,zwłoki
louise,louise
worthy,godny
scale,skala
beats,beats
williams,williams
threatening,groźny
exists,istnieje
academy,akademia
acts,dzieje
hop,chmiel
judges,sędziowie
furniture,meble
shared,wspólny
ralph,ralph
consequences,konsekwencje
engineer,inżynier
schools,szkoły
softly,delikatnie
bombs,bomby
caroline,karolina
shark,rekin
transport,transport
population,populacja
succeed,odnieść sukces
creepy,dziwny
sneak,skradać się
studies,studia
destruction,zniszczenie
keith,keith
protected,chroniony
monsters,potwory
joining,łączący
punished,ukarany
lightning,błyskawica
malcolm,malcolm
shell,powłoka
fascinating,fascynujący
chamber,izba
ethan,ethan
romance,romans
instance,instancja
jumping,skoki
groups,grupy
exhausted,wyczerpany
testify,świadczyć
studied,badane
walker,piechur
pin,szpilka
imagined,wyobrażone
drill,wiertarka
investigating,dochodzenie
ye,człek
experienced,doświadczony
elena,elena
necklace,naszyjnik
loyalty,lojalność
junk,graty
cole,kapusta
cries,płacz
stanley,stanley
rita,rita
southern,południowy
blocks,bloki
emotions,emocje
begun,zaczął
maya,maya
liver,wątroba
serving,porcja
matches,mecze
surgeon,chirurg
granted,nadany
jazz,jazz
july,lipiec
supplies,zaopatrzenie
deeper,głębiej
typical,typowy
kicking,kopanie
obey,być posłusznym
dancer,tancerz
remote,zdalny
daughters,córki
moron,kretyn
latin,łacina
teachers,nauczyciele
toby,toby
sandy,piaszczysty
dragged,przeciągnięte
strategy,strategia
parent,rodzic
jin,jin
album,album
compared,porównywany
rubbish,śmieci
helpful,pomocny
powder,proszek
sync,synchronizacja
bum,tyłek
passes,karnety
joan,joan
fort,fort
choices,wybory
alley,aleja
supper,kolacja
penis,penis
alibi,alibi
sammy,sammy
pole,polak
coke,koks
scientist,naukowiec
fighter,wojownik
highway,autostrada
blade,ostrze
alpha,alfa
diet,dieta
liquor,trunek
jet,strumień
widow,wdowa
liberty,wolność
philip,philip
moral,morał
carrie,carrie
award,nagroda
grief,żałość
thirsty,spragniony
ashley,ashley
random,losowy
suspects,podejrzani
intention,zamiar
julian,juliański
active,aktywny
tools,narzędzia
driven,napędzany
trauma,uraz
headache,ból głowy
safely,bezpiecznie
alexander,aleksander
knee,kolano
lads,chłopaki
novel,powieść
conversations,rozmowy
waters,fale
lookin,wygląd
invisible,niewidzialny
internal,wewnętrzny
peaceful,spokojna
humming,brzęczący
washed,umyty
drives,drives
talented,utalentowany
li,li
aid,pomoc
elephant,słoń
troubles,kłopoty
core,rdzeń
serial,seryjny
s-,s-
painted,namalowany
the,.
divine,boska
jam,dżem
goat,koza
opera,opera
thieves,złodzieje
guessing,zgadnij
objection,sprzeciw
whiskey,whisky
florida,floryda
resistance,opór
dressing,ubieranie się
attached,przywiązany
aaron,aaron
brief,krótki
punish,karać
eternal,wieczny
lois,lois
and,oraz
required,wymagany
victoria,wiktoria
fabulous,wspaniały
twins,bliźnięta
characters,postacie
cooked,gotowany
ln,ln
ruth,litość
dreamed,marzyłem
arts,sztuka
naughty,niegrzeczny
stabbed,dźgnięty
tend,mieć skłonności
diane,diane
tap,uzyskiwać
soap,mydło
locker,szafka
development,rozwój
images,obrazy
prick,ukłucie
global,światowy
string,strunowy
bitter,gorzki
sharing,dzielenie się
corn,kukurydza
craig,craig
fits,pasuje
tent,namiot
forms,formy
votes,głosy
harold,harold
propose,zaproponować
monica,monica
constantly,stale
granny,babunia
nicely,ładnie
nerves,nerwowość
arguing,kłótnia
abuse,nadużywać
relatives,krewni
survival,przetrwanie
gloves,rękawice
tracking,śledzenie
zoe,zoe
u,u
bend,schylać się
review,recenzja
connect,łączyć
separated,rozdzielony
elder,starszy
beard,broda
admiral,admirał
diana,diana
salary,pensja
areas,obszary
disturb,przeszkadzać
pro,zawodowiec
maintain,utrzymywać
solved,rozwiązany
wealth,bogactwo
bitches,suki
possession,posiadanie
sang,śpiewał
gimme,dawaj
plates,talerze
shoulders,ramiona
burnt,spalony
recorded,nagrany
upper,górny
counts,liczy
tale,opowieść
profit,zysk
colleague,kolega z pracy
warehouse,magazyn
hostage,zakładnik
shore,wybrzeże
porn,porno
miami,miami
fifteen,piętnaście
visitors,goście
bo,bo
net,internet
insult,zniewaga
owen,piekarnik
cities,miasta
causing,spowodowanie
lemon,cytrynowy
heal,leczyć
banging,walka
honeymoon,miesiąc miodowy
appeal,odwołanie
marshall,marshall
critical,krytyczny
creating,tworzenie
scotland,szkocja
crane,dźwig
enormous,ogromny
testimony,świadectwo
praise,pochwała
fights,walki
indians,hindusi
commission,zamawiać
growls,warczy
nicole,nicole
sins,grzechy
fraud,oszustwo
branch,oddział
happily,szczęśliwie
bout,atak
covering,pokrycie
occurred,wystąpił
beans,fasolki
raw,surowe
muscle,mięsień
pages,strony
tense,napięty
relationships,relacje
management,kierownictwo
assignment,zadanie
blonde,blond
catching,uchwyt
exposed,narażony
canada,kanada
dont,dont
han,han
von,von
comedy,komedia
marco,marco
stroke,uderzenie
whistling,gwizdanie
buildings,budynki
shaking,drżący
p.m.,po południu
facility,obiekt
appropriate,właściwy
remarkable,niezwykły
transferred,przeniesiony
drawn,pociągnięty
tits,cycki
clicking,kliknięcie
symbol,symbol
motor,silnik
employees,pracownicy
ambassador,ambasador
mothers,matki
pile,stos
feeding,karmienie
soda,soda
checks,czeki
bears,niedźwiedzie
cookies,ciasteczka
slut,chlapa
awfully,strasznie
stepped,stopiono
toys,zabawki
levels,poziomy
differently,różnie
magnificent,wspaniały
steak,stek
tube,rura
leaders,przywódcy
superior,znakomity
herr,herr
pan,patelnia
expression,wyrażenie
currently,w tej chwili
throne,tron
deadly,śmiertelnie
bee,pszczoła
tooth,ząb
depressed,w depresji
potatoes,ziemniaki
wicked,niegodziwy
resources,surowce
native,rodzinny
centuries,wieki
karl,karl
poetry,poezja
multiple,wiele
cable,kabel
shortly,wkrótce
buzz,brzęczeć
socks,skarpety
fingerprints,odciski palców
goddess,bogini
chin,podbródek
anxious,niespokojny
september,wrzesień
colors,zabarwienie
basketball,koszykówka
promises,obietnice
explained,wyjaśniono
appearance,wygląd zewnętrzny
musical,musical
sends,wysyła
slide,slajd
aii,aii
shawn,shawn
ultimate,ostateczny
pork,mięso wieprzowe
communication,komunikacja
payment,zapłata
structure,struktura
paperwork,papierkowa robota
obsessed,obsesja
lazy,leniwy
russians,rosjanie
actors,aktorzy
squeeze,ściskać
magical,magiczny
colleagues,koledzy
admire,podziwiać
madness,szaleństwo
roads,drogi
entry,wejście
injury,uraz
burden,ciężar
racing,wyścigi
manner,sposób
freezing,zamrażanie
bits,bity
norman,norman
mount,uchwyt
battery,bateria
dessert,deser
pound,funt
visited,odwiedzone
motel,motel
rumbling,dudnienie
cinema,kino
fond,czuły
halfway,w połowie drogi
rifle,karabin
reception,przyjęcie
statue,statua
fridge,lodówka
brick,cegła
abandon,opuścić
lap,okrążenie
natalie,natalie
wars,wojny
recommend,polecić
brush,szczotka
nelson,nelson
pill,pigułka
concept,pojęcie
w,w
delay,opóźnienie
quarters,mieszkanie
korea,korea
janet,janet
rub,pocierać
mall,centrum handlowe
soil,gleba
complaint,skarga
sail,żagiel
baker,piekarz
coughs,kaszel
bucket,wiaderko
description,opis
badge,odznaka
measure,mierzyć
hip,biodro
function,funkcjonować
indistinctly,niewyraźnie
harris,harris
foundation,fundacja
labor,praca
willie,willie
waiter,kelner
homeless,bezdomny
proved,udowodnione
unfortunate,niefortunny
log,dziennik
meetings,spotkania
giggles,chichot
combat,walka
poem,wiersz
polish,polskie
handed,wręczone
mia,mia
weed,chwast
raymond,raymond
tons,mnóstwo
satellite,satelita
jersey,golf
eagle,orzeł
privacy,prywatność
chapter,rozdział
treating,leczenie
wisdom,mądrość
flip,trzepnięcie
entering,wstępowanie
barn,stodoła
farmer,rolnik
clan,klan
budget,budżet
pub,pub
temporary,tymczasowy
effective,skuteczny
sonny,synek
wendy,wendy
juan,juan
lamb,owieczka
plot,intrygować
riley,riley
proposal,wniosek
sticks,patyki
searched,przeszukane
blessing,błogosławieństwo
rage,wściekłość
bothered,przeszkadzało
sydney,sydnej
basis,podstawa
manners,maniery
recover,wyzdrowieć
twist,skręcać
neil,neil
leak,przeciek
item,przedmiot
catholic,katolicki
sighing,wzdychanie
retired,na emeryturze
kings,królowie
inner,wewnętrzny
cents,centy
affect,wpłynąć
forbidden,zabroniony
patch,łata
drops,krople
necessarily,koniecznie
provided,pod warunkiem, że
meters,metry
booked,zarezerwowane
returns,zwroty
gloria,gloria
fires,pożary
humor,humor
torn,rozdarty
e-mail,e-mail
rocky,skalisty
introduced,wprowadzone
creative,twórczy
betray,zdradzać
soviet,radziecki
various,różnorodny
added,dodany
discovery,odkrycie
cowboy,kowboj
suspected,podejrzewane
suggested,zasugerował
delighted,zachwycony
sticking,klejący
dive,nurkować
shane,shane
radar,radar
prosecutor,prokurator
amber,bursztyn
vast,rozległy
quinn,quinn
owned,własność
cookie,ciastko
finest,najlepsza
felix,felix
pump,pompa
valentine,cicha sympatia
counter,licznik
sorts,sorts
coin,moneta
warren,królikarnia
slaves,niewolnicy
marine,morski
illness,choroba
sack,worek
bid,oferta
require,wymagać
moscow,moskwa
largest,największy
washing,mycie
achieve,osiągnąć
causes,powoduje
k,k
mo,mo
dope,narkotyk
nest,gniazdo
palm,palma
logan,logan
constant,stały
b.,b.
boo,gwizd
medication,lek
gravity,powaga
booze,gorzałka
noah,noah
evan,evan
abroad,za granicą
christine,christine
rising,rosnący
analysis,analiza
cuts,cięcia
eats,jedzenie
employee,pracownik
vodka,wódka
damaged,uszkodzony
solar,słoneczny
height,wzrost
pops,wyskakuje
yards,jardy
terrified,przerażony
suitcase,walizka
chemical,chemiczny
preparing,przygotowanie
advanced,zaawansowane
fund,fundusz
wears,nosi
chirping,ćwierkanie
web,sieć
phase,faza
prom,bal studencki
suggesting,sugestia
fleet,flota
lame,kiepski
irish,irlandczyk
editor,redaktor
october,październik
assumed,przypuszczalny
whip,bicz
mel,mel
region,region
amongst,wśród
temper,hartować
discussion,dyskusja
engines,silniki
operate,obsługiwać
sunshine,światło słoneczne
acted,działał
undercover,tajny
horror,przerażenie
tested,przetestowany
smash,rozbić
contrary,przeciwnie
roses,róże
poker,poker
wrapped,owinięty
korean,koreański
graham,graham
mi,mi
fu,fu
ivan,ivan
focused,skupione
liam,liam
tragic,tragiczny
carla,carla
demons,demony
rounds,rundy
entertainment,zabawa
gathered,zebrane
uhh,uhh
yells,krzyczy
lincoln,lincoln
crossing,przejście
blanket,koc
nut,orzech
travis,travis
pockets,kieszenie
limited,ograniczony
paintings,obrazy
sober,trzeźwy
caesar,cezar
sis,siostra
intended,przeznaczony
niece,siostrzenica
computers,komputery
tennis,tenis ziemny
needle,igła
chicks,pisklęta
traditional,tradycyjny
delicate,delikatny
independent,niezależny
leslie,leslie
lauren,lauren
grandson,wnuk
repair,naprawa
a.,a.
brandon,brandon
executive,wykonawczy
colin,colin
recognized,rozpoznane
holmes,holmes
regarding,jeżeli chodzi o
weakness,słabość
aliens,kosmici
gunshots,strzały z broni palnej
european,europejski
method,metoda
tool,narzędzie
demands,wymagania
permit,pozwolić
towel,ręcznik
daisy,stokrotka
nowadays,dzisiaj
spider,pająk
northern,północny
rangers,strażnicy
zoo,ogród zoologiczny
praying,modląc się
antonio,antonio
passengers,pasażerowie
con,kon
australia,australia
technique,technika
cellphone,komórka
gently,łagodnie
operations,operacje
planes,samoloty
bunny,królik
gunfire,obstrzał
shining,świecący
backwards,wstecz
skill,umiejętność
uh-,uh-
baron,baron
kidnapping,porwanie
iike,ja
marshal,marszałek
petty,drobiazgowy
sealed,zapieczętowany
massage,masaż
raising,wychowywanie
menu,menu
diary,dziennik
fucker,skurwień
wagon,wóz
audition,przesłuchanie
mitch,mitch
mexican,meksykańskie
casino,kasyno
bacon,boczek
diego,diego
dutch,holenderski
promotion,awans
click,kliknij
forgiveness,przebaczenie
burst,pękać
permanent,stały
interfere,ingerować
chanting,śpiew
dammit,cholera
spencer,spencer
recovered,odzyskany
registered,zarejestrowany
sunny,słoneczny
packing,uszczelka
scenes,sceny
superman,nadczłowiek
questioning,pytający
unfair,niesprawiedliwy
admitted,przyznał
ancestors,przodkowie
polite,grzeczny
completed,zakończony
swallow,łyk
conduct,przeprowadzić
prayers,modły
sheet,arkusz
fried,smażony
avenue,aleja
poisoned,zatruty
reverse,odwrócić
newspapers,gazety
ford,bród
complaining,narzekanie
senses,rozsądek
investment,inwestycja
absurd,absurdalny
potato,ziemniak
understands,rozumie
grows,rośnie
inspired,natchniony
ruby,rubin
celebrating,świętowanie
tag,etykietka
ram,baran
requires,wymaga
bonnie,bonnie
bugs,błędy
leonard,leonard
elliot,elliot
hooked,haczykowaty
jill,jill
ranch,ranczo
safer,bezpieczniejsze
worn,noszony
crashing,awaria
lands,ziemie
heather,wrzos
ash,popiół
leather,skórzany
grounds,fusy
assuming,zarozumiały
nails,paznokcie
dana,dana
conspiracy,spisek
thanksgiving,święto dziękczynienia
pierre,pierre
guardian,opiekun
rumors,plotki
yen,jen
megan,megan
ashes,proch
terror,terror
misunderstanding,nieporozumienie
tire,opona
boats,łodzie
parade,parada
halt,postój
immunity,odporność
adults,dorośli ludzie
steam,parowy
kang,kang
closely,dokładnie
pearl,perła
soccer,piłka nożna
adrian,adrian
priority,priorytet
shouts,krzyki
donald,donald
happier,szczęśliwszy
khan,chan
struggling,zmagający się
root,źródło
larger,większy
november,listopad
boot,uruchomić
conflict,konflikt
laughed,zaśmiał się
debbie,debbie
cherry,wiśnia
honking,honing
concerns,obawy
celebration,uroczystość
sore,obolały
unconscious,nieświadomy
cattle,bydło
breasts,piersi
fairly,raczej
fee,opłata
recognise,rozpoznać
wade,przebrnąć
radiation,promieniowanie
holidays,wakacje
raining,deszcz
forgetting,zapominanie
lungs,płuca
register,zarejestruj się
shadows,cienie
specifically,konkretnie
sarge,sarge
ideal,ideał
turtle,żółw
spoil,zepsuć
deserved,zasłużony
ronnie,ronnie
gina,gina
candidate,kandydat
lance,lanca
types,typy
bloke,facet
explode,eksplodować
immediate,natychmiastowy
belonged,należał
identified,zidentyfikowane
di,di
hunger,głód
closest,najbliższy
combination,połączenie
nanny,niania
seth,seth
gabriel,gabriel
develop,rozwijać
detectives,detektywi
severe,ciężki : silny
en,en
organized,zorganizowany
franklin,franklin
gut,jelito
splendid,znakomity
dismissed,zwolniony
pm,po południu
yang,yang
halloween,halloween
ellie,ellie
vulnerable,wrażliwy
continued,nieprzerwany
vital,niezbędny
comrades,towarzysze
bureau,biuro
drawer,szuflada
harper,harfiarka
retreat,wycofać się
carson,carson
benny,benny
pillow,poduszka
troy,troy
ace,as
cart,wózek
nap,drzemka
chan,chan
ham,szynka
announce,ogłosić
borrowed,pożyczone
parked,zaparkowany
galaxy,galaktyka
voted,głosował
muffled,stłumiony
sebastian,sebastian
mmm-hmm,mmm-hmm
jewelry,biżuteria
kisses,pocałunki
luggage,bagaż
groom,pan młody
oops,ups
lighter,zapalniczka
masters,mistrzowie
alliance,sojusz
buddies,kumple
clothing,odzież
denied,zaprzeczony
drown,utopić
alike,zarówno
excellency,ekscelencja
relative,względny
photographs,fotografie
burger,burger
dough,ciasto
alicia,alicia
wreck,wrak
approve,zatwierdzić
produced,wytworzony
christina,christina
physically,fizycznie
stations,stacje
eli,eli
samantha,samantha
spiritual,duchowy
sire,rozpłodnik
roaring,ryk
stab,zasztyletować
inch,cal
servants,służący
limits,limity
unexpected,nieoczekiwany
arrival,przyjazd
whimpering,skomlanie
basket,kosz
sheets,pościel
scandal,skandal
stink,smród
homer,homer
tara,tara
christopher,krzysztof
toes,palce u nóg
t-,t-
shield,tarcza
shooter,strzelec
instant,natychmiastowy
objects,obiekty
rehearsal,powtórka
disturbing,niepokojący
directed,skierowany
scan,skanowanie
electronic,elektroniczny
republic,republika
overnight,nocny
counsel,rada
sirens,syren
dorothy,dorota
bait,przynęta
dignity,godność
explains,wyjaśnia
lean,pochylać się
heroin,heroina
tracy,tracy
rex,rex
barney,barney
gossip,plotki
humble,pokorny
economy,gospodarka
worlds,światy
impress,imponować
clara,clara
tissue,papierowa chusteczka
threaten,zagrozić
et,et
bump,uderzenie
supreme,najwyższy
bingo,bingo
mitchell,mitchell
excitement,podniecenie
mankind,ludzkość
document,dokument
broad,szeroki
vietnam,wietnam
vessel,naczynie
lit,oświetlony
dale,dołek
killers,zabójcy
connor,connor
mario,mario
foul,faul
stare,gapić się
deaths,zgony
hut,chata
elements,elementy
coma,śpiączka
laying,nośny
coffin,trumna
paula,paula
cocaine,kokaina
puppy,szczeniak
louder,głośniejszy
handled,obsługiwane
announcement,ogłoszenie
oath,przysięga
mob,tłum
cotton,bawełna
deposit,kaucja
taxes,podatki
injuries,obrażenia
jen,jen
autopsy,autopsja
advise,radzić
gig,koncert
lecture,wykład
posted,opublikowany
skinny,chudy
lo,lo
include,włączać
revealed,ujawnił
infected,zainfekowany
relieved,odciążony
assistance,wsparcie
solo,solo
determine,określać
terrorists,terroryści
elsewhere,gdzie indziej
lamp,lampa
practical,praktyczny
marked,wyraźny
adorable,uroczy
rubber,guma
purple,fioletowy
operating,operacyjny
suite,zestaw
apologies,przeprosiny
personnel,personel
beam,belka
poet,poeta
samples,próbki
arrow,strzałka
counselor,doradca
carpet,dywan
allen,allen
audrey,audrey
spotted,cętkowany
floating,ruchomy
corrected,poprawione
located,usytuowany
journalist,dziennikarz
insisted,nalegał
operator,operator
rely,polegać
singh,singh
fooled,oszukany
arrives,przybywa
i.d.,id.
leon,leon
walt,walt
eastern,wschodni
ay,tak
shave,golić
remaining,pozostały
toss,podrzucenie
anderson,anderson
35612,warga. 97
acid,kwas
nora,nora
si,si
december,grudzień
anonymous,anonimowy
inn,zajazd
planted,posadzony
oldest,najstarszy
breast,pierś
sixth,szósty
error,błąd
reporting,raportowanie
egypt,egipt
islands,wyspy
brother-in-law,szwagier
jules,jules
roommate,współlokator
sings,śpiewa
scum,szumowiny
visitor,gość
giggling,chichotanie
described,opisane
geez,rany
inches,cale
commitment,zaangażowanie
hercules,hercules
react,reagować
cows,krowy
protest,protest
misery,nieszczęście
theft,kradzież
embrace,uścisk
darn,cerować
harsh,szorstki
andrea,andrea
communicate,komunikować się
fathers,ojcowie
faithful,wierny
hector,zabijaka
uh-uh,uh-uh
flame,płomień
medal,medal
silk,jedwab
photographer,fotograf
trevor,trevor
cemetery,cmentarz
rear,tył
freddy,freddy
banana,banan
allison,allison
emotion,emocja
chap,facet
dated,przestarzały
excuses,wymawianie się
shitty,shitty
bin,kosz
jew,żyd
gum,guma
crushed,zgnieciony
efforts,starania
content,zawartość
corporal,kapral
realised,realizowany
del,del
rap,kuks
hopeless,beznadziejny
debate,debata
era,era
luckily,na szczęście
ton,tona
liquid,płyn
swell,puchnąć
peggy,peggy
feast,uczta
murphy,murphy
attracted,przyciągnięty
application,aplikacja
profession,zawód
bench,ławka
vanessa,vanessa
ahem,ahem
symptoms,objawy
scout,zwiadowca
crashed,rozbił się
keen,chętny
aircraft,samolot
formed,uformowane
hon,hon
aggressive,agresywny
pale,blady
significant,istotne
duncan,duncan
clubs,kluby
visual,wizualny
embassy,ambasada
defence,obrona
cabinet,gabinet
display,wyświetlacz
fame,sława
gibbs,gibbs
drowned,utonął
wolves,wilki
filming,filmowanie
dunno,dunno
cursed,przeklęty
twin,bliźniak
sorrow,smutek
vault,sklepienie
defeated,pokonany
watson,watson
quote,cytat
penalty,rzut karny
bargain,okazja
pepper,pieprz
speaker,głośnik
compare,porównywać
satan,szatan
helmet,kask
scar,blizna
copies,kopie
fuss,zamieszanie
envelope,koperta
perry,wino z gruszek
stinks,śmierdzi
african,afrykanin
arrangements,przygotowania
wished,życzyłem
honored,zaszczycony
believing,wierząc
discussed,omówione
assigned,przydzielony
rosa,rosa
oven,piekarnik
jenna,jenna
attacking,napadający
tin,cyna
sonic,dźwiękowy
collar,kołnierz
mere,sam
romeo,romeo
belief,wiara
storage,magazynowanie
rusty,zardzewiały
psycho,psycho
climbing,wspinaczka
melissa,melisa
fears,obawy
sum,suma
dedicated,dedykowane
ladder,drabina
alternative,alternatywny
raid,nalot
dining,jadalnia
ms,sm
corporate,zbiorowy
folk,ludowy
jon,jon
replaced,zastąpiony
bailey,bailey
un,un
heels,obcasy
duties,obowiązki
smarter,mądrzejszy
existed,istniał
surprising,zaskakujący
chess,szachy
requested,wymagany
cruise,rejs
primary,podstawowy
rhythm,rytm
drum,bęben
models,modele
motorcycle,motocykl
adopted,przyjęty
barrel,beczka
cargo,ładunek
planets,planety
shove,pchnięcie
wha,co
surprises,niespodzianki
rosie,rosie
dings,dings
trailer,przyczepa
cannon,armata
tables,tabele
arse,tyłek
ally,sprzymierzyć
lawrence,lawrence
wee,maleńki
tapes,taśmy
dull,nieciekawy
sandra,sandra
teenage,nastolatek
kent,kent
cooperate,współpracować
risks,ryzyko
dug,dójka
worthless,bezwartościowy
arriving,przyjazd
kindness,życzliwość
ties,więzi
items,przedmiotów
and-,oraz-
grip,chwyt
relations,relacje
rumor,plotka
skirt,spódnica
frog,żaba
paige,paige
lloyd,lloyd
claimed,przejęte
perfume,perfumy
instrumental,instrumentalny
flames,płomienie
association,stowarzyszenie
loses,przegrywać
january,styczeń
spike,kolec
israel,izrael
eleven,jedenaście
gallery,galeria
ginger,imbir
activities,zajęcia
iraq,irak
boarding,abordaż
fist,pięść
stuffed,nadziewany
improve,poprawić
creation,kreacja
connie,connie
infection,infekcja
strikes,uderzenia
wiped,wytarte
tension,napięcie
whistles,gwizdy
kindly,uprzejmie
certificate,certyfikat
curtis,curtis
bold,pogrubienie
threats,zagrożenia
claudia,claudia
sid,sid
twisted,skręcone
suspended,zawieszony
affected,dotknięty
envy,zazdrość
whale,wieloryb
dial,wybierz
cameron,cameron
martial,wojenny
controlled,kontrolowane
lung,płuco
nigga,czarnuch
coal,węgiel
upside,plus
imperial,cesarski
pam,pam
paranoid,paranoidalny
signing,podpisanie
congress,kongres
villa,willa
candles,świece
filling,nadzienie
becky,becky
comic,komiczny
faint,mdleć
recovery,powrót do zdrowia
volunteer,wolontariusz
tech,tech
bleed,krwawić
positions,pozycje
cindy,cindy
narrow,wąska
forbid,zakazać
stuart,stuart
perspective,perspektywiczny
faced,twarz
neat,schludny
pierce,przebić
observe,przestrzegać
cycle,cykl
psychic,psychiczny
handling,obsługiwanie
goose,gęś
accidentally,przypadkowo
conclusion,wniosek
designer,projektant
sits,siedzi
importance,znaczenie
spots,kropki
francs,franki
sweep,zamiatać
destroying,niszczenie
communist,komunistyczny
blackmail,szantaż
pacific,pacyfik
risky,ryzykowny
glorious,wspaniały
filed,wniesiony
hatred,nienawiść
cam,krzywka
deals,oferty
pos,poz
fooling,wygłupienie
persons,osoby
scotch,szkocka
executed,wykonany
brakes,hamulce
blank,pusty
tender,miękki
kurt,kurt
turner,tokarz
tub,wanna
sucker,przyssawka
slight,niewielki
addition,dodatek
campus,kampus
ritual,rytuał
prey,ofiara