English;Polish
you;ty
i;ja, i
to;do
it;to
and;oraz
that;¾e
of;z
is;jest
in;w
what;co
we;my
me;ja
this;ten
he;on
for;dla
my;m¢j
on;na
have;mie†
your;tw¢j
do;robi†
was;byˆ
no;nie
not;nie
be;by†
are;s¥
know;wiedzie†
can;m¢c
with;z
but;ale
all;wszystko
so;wi©c
just;tylko
there;tam
here;tutaj
they;one
like;tak jak
get;dostawa†
she;ona
go;i˜†
if;je˜li
right;prawo
out;na zewn¥trz
about;o
up;w g¢r©
at;w
him;jego
now;teraz
one;jeden
come;chod«
well;dobrze
her;j¥
how;jak
yeah;tak
ve;ve
will;b©dzie
got;dostaˆ
want;chcie†
think;my˜le†
as;jak
see;widzie†
did;zrobiˆ
good;dobry
who;kto
why;czemu
from;z
let;wynajmowa†
his;jego
yes;tak
when;gdy
going;p¢j˜cie
time;czas
an;jaki˜
okay;w porz¥dku
back;plecy
look;wygl¥da†
us;nas
would;zrobiˆbym
them;ich
where;gdzie
were;byli
take;bra†
then;nast©pnie
had;miaˆ
or;lub
been;zostaˆ
our;nasz
gonna;zamierza†
tell;powiedzie†
really;naprawd©
man;facet
some;niekt¢re
say;m¢wi†
hey;siema
could;m¢gˆby
by;za pomoc¥
need;potrzebowa†
something;co˜
has;ma
too;tak¾e
more;jeszcze
way;droga
down;na d¢ˆ
make;robi†
very;bardzo
never;nigdy
only;tylko
people;ludzie
over;koniec
because;dlatego
little;maˆy
please;prosz©
love;kocham
should;powinien
mean;oznacza†
said;powiedziaˆ
sorry;przepraszam
give;dawa†
off;wyˆ¥czony
am;jestem
thank;dzi©kowa†
any;ka¾dy
two;dwa
even;nawet
much;du¾o
doing;czyn
sure;jasne
thing;rzecz
these;te
help;wsparcie
first;pierwszy
into;w
anything;byle co
still;nadal
find;odnale«†
life;¾ycie
nothing;nic
sir;pan
day;dzieä
god;b¢g
work;praca
their;ich
uh;uh
again;ponownie
maybe;by† mo¾e
must;musi
before;zanim
other;inny
wait;czeka†
stop;zatrzymaj si©
call;poˆ¥czenie
after;po
won;wygraˆ
talk;rozmowa
away;z dala
than;ni¾
thought;my˜l
home;dom
night;noc
put;poˆo¾y†
great;˜wietnie
those;tych
last;ostatni
better;lepiej
everything;wszystko
told;powiedziaˆ
new;nowy
things;rzeczy
always;zawsze
keep;trzyma†
long;dˆugie
years;lata
leave;odejd«
does;czy
money;pieni¥dze
around;na okoˆo
doesn;czyn
name;nazwa
place;miejsce
ever;zawsze
feel;czu†
guys;chˆopaki
father;ojciec
guy;facet
made;zrobiony
old;stary
isn;isn
which;kt¢ry
big;du¾a
lot;dziaˆka
done;gotowe
hello;witam
nice;ˆadny
believe;uwa¾a†
girl;dziewczyna
someone;kto˜
fine;cienki
thanks;dzi©kuj©
wanted;poszukiwany
kind;uprzejmy
coming;nadchodz¥cy
house;dom
every;ka¾dy
through;poprzez
being;istnienie
course;kurs
stay;zostawa†
left;lewy
dad;tata
enough;wystarczaj¥co
happened;staˆo si©
came;przyszˆo
may;mo¾e
mother;matka
wrong;zˆo
world;˜wiat
bad;zˆy
might;m¢c
three;trzy
today;dzi˜
listen;sˆucha†
another;inne
understand;rozumiesz
hear;sˆysze†
remember;zapami©taj
ask;zapyta† si©
own;wˆasny
same;to samo
show;pokaza†
else;w przeciwnym razie
kill;zabi†
talking;m¢wi†
found;znaleziony
next;nast©pny
getting;dostawanie
care;opieka
car;samoch¢d
looking;patrz¥c
son;syn
try;pr¢bowa†
woman;kobieta
went;wszedˆ
hi;cze˜†
dead;nie ¾yje
many;wiele
mind;umysˆ
wasn;byˆ
friend;przyjaciel
best;najlepsza
mom;mama
hell;piekˆo
morning;rano
trying;pr¢bowa†
boy;chˆopak
together;razem
yourself;si©
job;stanowisko
saw;widziaˆ
family;rodzina
real;prawdziwy
without;bez
baby;dziecko
room;pok¢j
wouldn;by
already;ju¾
move;ruszaj si©
most;bardzo
seen;widziany
live;relacja na ¾ywo
miss;t©skni†
actually;wˆa˜ciwie
huh;huh
shit;g¢wno
both;zar¢wno
heard;usˆyszaˆ
once;raz
ready;gotowy
head;gˆowa
called;nazywa
used;u¾ywany
idea;pomysˆ
knew;wiedziaˆem
hold;utrzyma†
happy;szcz©˜liwy
door;drzwi
such;taki
fuck;pierdoli†
brother;brat
also;r¢wnie¾
pretty;ˆadny
bit;fragment
took;wzi©ˆa
haven;przystaä
yet;ju¾
men;m©¾czy«ni
whole;caˆy
start;pocz¥tek
use;posˆugiwa† si©
while;podczas gdy
since;odk¥d
wife;¾ona
days;dni
guess;zgadywa†
tomorrow;jutro
matter;materiaˆ
meet;spotyka† si©
bring;przynie˜†
tonight;dzi˜ wieczorem
everyone;ka¾dy
run;biega†
wanna;chcie†
hard;ci©¾ko
ah;ah
alone;sam
myself;ja
school;szkoˆa
gone;odszedˆ
um;um
end;koniec
saying;powiedzenie
phone;telefon
play;bawi† si©
looks;wygl¥d
couldn;czy m¢gˆ
fucking;pierdolony
problem;problem
few;maˆo
friends;przyjaciele
gotta;musie†
ago;temu
open;otwarty
anyone;ktokolwiek
killed;zabity
hope;nadzieja
face;twarz
until;a¾ do
lost;stracony
police;policja
excuse;wym¢wka
turn;skr©ca†
business;biznes
case;walizka
wants;chce
says;m¢wi
TRUE;PRAWDA
die;umiera†
heart;serce
soon;wkr¢tce
each;ka¾dy
worry;martwi† si©
later;p¢«niej
year;rok
watch;zegarek
music;muzyka
hand;r©ka
having;maj¥cy
probably;prawdopodobnie
beautiful;pi©kny
doctor;lekarz
sit;siedzie†
eat;je˜†
thinking;my˜l¥cy
young;mˆody
second;druga
working;pracuj¥cy
water;woda
person;osoba
part;cz©˜†
kids;dzieci
late;p¢«no
stuff;rzeczy
exactly;dokˆadnie
under;pod
death;˜mier†
minute;minuta
pay;pˆaci†
crazy;zwariowany
forget;zapomina†
everybody;wszyscy
kid;dziecko
change;zmiana
gave;daˆ
happen;zdarzy†
damn;cholerny
five;pi©†
drink;drink
far;daleko
knows;wie
its;jego
whatever;cokolwiek
eyes;oczy
shut;zamkn¥†
aren;aren
hit;uderzy†
taking;nabieraj¥cy
easy;ˆatwo
times;czasy
check;sprawdza†
hands;r©ce
minutes;minuty
deal;sprawa
different;r¢¾ne
means;oznacza
point;punkt
inside;w ˜rodku
makes;robi
asked;spytaˆ
somebody;kto˜
mine;moje
making;zrobienie
body;ciaˆo
afraid;przestraszony
sleep;spa†
chance;szansa
dear;droga
quite;caˆkiem
four;cztery
anyway;w ka¾dym razie
close;blisko
ain;ain
party;przyj©cie
fun;zabawa
against;przeciwko
word;sˆowo
comes;pochodzi
important;wa¾ny
set;ustawi†
shall;by†
story;fabuˆa
number;numer
daughter;c¢rka
least;najmniej
waiting;czekanie
hurt;zraniony
wish;¾yczenie
moment;za chwil©
fight;walka
week;tydzieä
husband;m¥¾
girls;dziewczyny
rest;reszta
married;¾onaty
fire;ogieä
game;gra
nobody;nikt
mr;pan
children;dzieci
side;bok
stand;stoisko
read;czyta†
though;chocia¾
cut;skaleczenie
started;zacz©ˆa si©
sister;siostra
supposed;przypuszczalny
between;pomi©dzy
child;dziecko
goes;idzie
hours;godziny
speak;m¢wi†
women;kobiety
behind;za
almost;prawie
truth;PRAWDA
blood;krew
able;zdolny
lady;dama
anymore;nie wi©cej
playing;gra
gets;dostaje
shot;strzaˆ
reason;pow¢d
trouble;kˆopot
break;przerwanie
war;wojna
city;miasto
walk;spcerowa†
town;miasto
trust;zaufanie
dr.;dr.
met;spotkaˆ
office;gabinet
question;pytanie
brought;przyni¢sˆ
yours;tw¢j
welcome;witam
high;wysoki
wow;wow
couple;para
half;poˆowa
died;zmarˆ
cool;fajny
free;darmowy
either;zar¢wno
seems;wydaje si©
power;moc
whoa;whoa
bye;pa
buy;kup
telling;wymowny
honey;mi¢d
tried;wypr¢bowany
front;prz¢d
team;zesp¢ˆ
answer;odpowiada†
gun;pistolet
boys;chˆopcy
line;linia
send;wysˆa†
news;aktualno˜ci
stupid;gˆupi
bed;ˆ¢¾ko
hurry;spieszy† si©
full;peˆny
months;miesi¥ce
save;ratowa†
sometimes;czasami
become;sta† si©
along;przed siebie
hate;nienawidzi†
food;jedzenie
outside;poza
light;˜wiatˆo
l;l
needs;wymagania
dog;pies
country;kraj
clear;jasne
order;zam¢wienie
em;em
fact;fakt
lord;lord
captain;kapitan
six;sze˜†
hot;gor¥cy
funny;zabawny
black;czarny
mrs.;pani.
alive;¾ywy
pick;wybiera†
feeling;uczucie
living;¾yj¥cy
cause;przyczyna
ahead;dalej
lose;straci†
king;kr¢l
plan;plan
dinner;obiad
sighs;wzdycha
sort;sortowa†
leaving;odjazd
shouldn;powinien
running;dziaˆanie
boss;szef
alright;w porz¥dku
promise;obietnica
taken;zaj©ty
safe;bezpieczny
ma;mama
book;ksi¥¾ka
sent;wysˆano
white;biaˆy
hour;godzina
anybody;kto˜
small;maˆy
perfect;idealny
cause;przyczyna
lives;zyje
special;specjalny
parents;rodzice
s;s
john;jan
himself;samego siebie
perhaps;by† mo¾e
sounds;d«wi©ki
serious;powa¾ny
sick;chory
company;firma
ha;ha
scared;przestraszony
uncle;wujek
poor;sˆaby
red;czerwony
past;po
earth;ziemia
possible;mo¾liwy
shoot;strzela†
touch;dotyka†
sound;d«wi©k
top;top
ass;tyˆek
laughs;˜miech
cannot;nie mog©
asking;pytaj¥c
win;wygra†
glad;zadowolony
control;kontrola
hmm;hmm
human;czˆowiek
drive;prowadzi†
hair;wˆosy
jack;jacek
bitch;suka
luck;szcz©˜cie
murder;morderstwo
happens;dzieje si©
air;powietrze
ten;dziesi©†
daddy;tatu˜
finally;wreszcie
chuckles;chichocze
fast;szybki
cold;przezi©bienie
seem;wyda† si©
laughing;˜mia† si©
words;sˆowa
hospital;szpital
street;ulica
hang;powiesi†
dance;taniec
meeting;spotkanie
till;do
others;inni
catch;zˆapa†
follow;˜ledzi†
sense;sens
sex;seks
lie;kˆamstwo
evening;wiecz¢r
master;gospodarz
known;znany
dream;˜ni†
write;pisa†
million;milion
voice;gˆos
sweet;sˆodkie
rather;raczej
felt;filc
sign;podpisa†
lucky;szcz©˜ciarz
somewhere;gdzie˜
bet;zakˆad
o;o
jesus;jezus
longer;dˆu¾ej
calling;powoˆanie
worked;pracowaˆ
quiet;cichy
looked;wygl¥daˆ
less;mniej
pull;ci¥gn¥†
beat;bi†
careful;ostro¾ny
coffee;kawa
return;zwr¢ci†
secret;sekret
weeks;tygodnie
weren;weren
date;data
seeing;widzenie
fall;spadek
given;dany
ooh;ooh
fault;wada
straight;proste
takes;trwa
song;utw¢r muzyczny
future;przyszˆy
gentlemen;panowie
loved;kochany
changed;zmienione
road;droga
calm;spokojna
wonderful;wspaniale
mad;szalony
turned;obr¢cony
drop;upuszcza†
ladies;damski
learn;uczy† si©
step;krok
absolutely;absolutnie
early;wczesny
explain;wyja˜ni†
clean;czysty
piece;kawaˆek
yesterday;wczoraj
throw;rzuci†
picture;obrazek
land;grunt
feet;stopy
wonder;cud
questions;pytania
speaking;m¢wienie
worth;warto˜†
darling;kochanie
dude;kole˜
giving;daj¥cy
president;prezydent
eye;oko
quick;szybki
moving;poruszaj¥cy
figure;posta†
state;paästwo
strong;silny
sam;sam
none;¾aden
amazing;zdumiewaj¥cy
ones;te
works;pracuje
act;akt
needed;potrzebne
weird;dziwny
law;prawo
worried;zmartwiony
report;raport
goodbye;do widzenia
missing;zaginiony
choice;wyb¢r
happening;wydarzenie
chief;szef
wedding;˜lub
strange;dziwny
general;og¢lny
pain;b¢l
am;jestem
kidding;¾art
decided;zdecydowany
ya;ya
pass;podawa†
tired;zm©czony
class;klasa
officer;oficer
kept;trzymane
wake;budzi†
worse;gorzej
busy;zaj©ty
eh;eh
mistake;bˆ¥d
kiss;pocaˆunek
court;s¥d
building;budynek
finish;koniec
during;w trakcie
age;wiek
ship;statek
caught;zˆapany
marry;o¾eni†
meant;oznaczaˆ
sell;sprzeda†
dark;ciemny
watching;ogl¥danie
system;system
suppose;przypuszcza†
evidence;dow¢d
movie;film
ride;je«dzi†
t;t
completely;caˆkowicie
mouth;usta
totally;caˆkowicie
birthday;urodziny
tv;telewizja
forgive;przebaczy†
born;urodzi† si©
imagine;wyobra¾a† sobie
information;informacja
instead;zamiast
definitely;zdecydowanie
security;bezpieczeästwo
certainly;z pewno˜ci¥
film;film
month;miesi¥c
lying;kˆamliwy
unless;chyba ¾e
train;poci¥g
seven;siedem
wear;nosi†
clothes;odzie¾
michael;michaˆ
hotel;hotel
christmas;bo¾e narodzenie
attack;atak
hasn;had
round;okr¥gˆy
expect;oczekiwa†
sing;˜piewa†
terrible;straszny
george;jerzy
bag;torba
history;historia
blue;niebieski
near;blisko
broke;zepsuˆ si©
station;stacja
seriously;na serio
forever;na zawsze
david;david
frank;szczery
except;opr¢cz
thinks;my˜li
message;wiadomo˜†
entire;caˆy
joe;joe
table;st¢ˆ
talked;rozmawiaˆem
across;przez
rock;gˆaz
lovely;˜liczny
handle;uchwyt
middle;˜rodek
buddy;kumpel
paid;pˆatny
protect;chroni†
using;za pomoc¥
floor;pi©tro
ran;biegˆ
swear;przeklina†
spend;sp©dzi†
situation;sytuacja
ring;dzwoni†
anywhere;gdziekolwiek
dangerous;niebezpieczny
bill;rachunek
york;york
army;armia
lead;oˆ¢w
bought;kupiˆ
finished;skoäczone
fair;sprawiedliwy
sun;sˆoäce
letter;list
fool;gˆupiec
attention;uwaga
club;klub
simple;prosty
interesting;ciekawe
space;przestrzeä
test;test
box;skrzynka
group;grupa
single;pojedynczy
sitting;posiedzenie
marriage;maˆ¾eästwo
join;przyst¥p
fear;strach
d;d
peace;pok¢j
forgot;zapomniaˆem
force;zmusza†
short;niski
normal;normalna
charlie;charlie
present;tera«niejszo˜†
enjoy;smacznego
mike;mikrofon
crime;przest©pczo˜†
horse;koä
ground;grunt
american;amerykaäski
count;liczy†
area;powierzchnia
charge;opˆata
honor;zaszczyt
lunch;obiad
miles;mile
radio;radio
idiot;idiota
ball;piˆka
surprise;niespodzianka
paper;papier
key;klucz
boat;ˆ¢d«
quickly;szybko
gold;zˆoto
bar;bar
fish;ryba
mark;znak
tom;tomek
wearing;ma na sobie
crying;pˆacz
accident;wypadek
government;rz¥d
eight;osiem
fell;spadˆ
cover;pokrywa
certain;pewny
interested;zainteresowany
deep;gˆ©boko
star;gwiazda
sea;morze
agree;zgodzi† si©
problems;problemy
detective;detektyw
prison;wi©zienie
major;powa¾ny
stick;stick
offer;oferta
difficult;trudny
smart;m¥dry
personal;osobisty
record;nagrywa†
stopped;zatrzymany
hide;ukry†
whether;czy
bank;bank
trip;wycieczka
relax;zrelaksowa† si©
america;ameryka
public;publiczny
list;lista
afternoon;wiecz¢r
brain;m¢zg
fix;naprawi†
bastard;b©kart
proud;dumny
tea;herbata
service;usˆuga
screaming;krzyczenie
forward;naprz¢d
angry;zˆy
park;park
soul;dusza
fighting;walcz¥cy
peter;piotr
rich;bogaty
agent;agent
blow;cios
paul;paweˆ
dress;sukienka
mary;mary
missed;pomini©ty
scene;scena
killing;zabicie
standing;na stoj¥co
saved;uratowany
mm;mm
respect;poszanowanie
killer;zab¢jca
ice;l¢d
mess;baˆagan
tough;trudny
feels;odczucia
church;ko˜ci¢ˆ
sad;smutny
cell;kom¢rka
drunk;pijany
share;dzieli†
camera;aparat fotograficzny
mm-hmm;mm-hmm
within;w ci¥gu
card;karta
fly;lata†
ben;ben
girlfriend;dziewczyna
laugh;˜mia† si©
smell;zapach
broken;zˆamany
mum;milcz¥cy
honest;uczciwy
often;cz©sto
starting;startowy
calls;poˆ¥czenia
y;y
spent;zu¾yty
third;trzeci
english;j©zyk angielski
visit;wizyta
mama;mama
judge;s©dzia
window;okno
hungry;gˆodny
dare;odwa¾y† si©
relationship;relacja
moved;przeni¢sˆ
prove;udowodni†
private;prywatny
wall;˜ciana
seat;siedzenie
i-i;i-i
position;pozycja
lieutenant;porucznik
realize;realizowa†
lt;lt
especially;szczeg¢lnie
machine;maszyna
walking;pieszy
art;sztuka
pleasure;przyjemno˜†
bloody;krwawy
college;szkoˆa wy¾sza
french;francuski
involved;zaanga¾owany
cry;pˆaka†
became;staˆ si©
lived;¾yˆ
impossible;niemo¾liwy
obviously;oczywi˜cie
neither;¾aden
accept;zaakceptowa†
boyfriend;chˆopak
besides;opr¢cz
queen;kr¢lowa
teacher;nauczyciel
cops;gliniarze
sake;wzgl¥d
loves;kocha
carry;mie† przy sobie
teach;uczy†
apartment;apartament
upset;smutny
green;zielony
la;la
liked;lubiˆ
cute;ˆadny
evil;zˆo
professor;profesor
contact;kontakt
joke;¾art
cop;policjant
huge;olbrzymi
holy;˜wi©ty
store;sklep
jail;wi©zienie
likes;lubi
lawyer;prawnik
doubt;w¥tpi†
continue;kontynuowa†
appreciate;docenia†
cat;kot
shop;sklep
driving;nap©dowy
congratulations;gratulacje
wrote;napisaˆ
village;wie˜
quit;zrezygnowa†
field;pole
james;james
wine;wino
decision;decyzja
south;poˆudnie
sleeping;spanie
slow;wolny
laughter;˜miech
island;wyspa
glass;szkˆo
beginning;pocz¥tek
cash;got¢wka
dying;umieraj¥cy
hundred;sto
whose;kt¢rego
difference;r¢¾nica
plane;samolot
push;naciska†
continues;trwa
mmm;mmm
singing;˜piewanie
eating;jedzenie
north;p¢ˆnoc
mrs;pani
tree;drzewo
madam;szanowna pani
gift;prezent
truck;ci©¾ar¢wka
putting;umieszczanie
bear;nied«wied«
board;tablica
grab;chwyci†
beer;piwo
stuck;zablokowany
magic;magia
support;pomoc
rules;zasady
grunts;chrz¥kni©cie
partner;partner
reach;zasi©g
wind;wiatr
colonel;puˆkownik
max;max
immediately;od razu
seconds;sekundy
thousand;tysi¥c
gives;daje
experience;do˜wiadczenie
cheers;twoje zdrowie
victim;ofiara
upon;od
computer;komputer
christ;chrystus
planet;planeta
promised;obiecane
bus;autobus
henry;henz
dirty;brudny
search;szukaj
staying;przebywaj¥cy
dreams;sny
arrest;aresztowa†
holding;trzyma†
suddenly;nagle
usually;zwykle
lots;wiele
shoes;buty
er;er
jump;skok
rid;eliminowa†
yo;siema
knock;pukanie
owe;by† winnym
harry;zˆupi†
grow;rosn¥†
worst;najgorszy
river;rzeka
aunt;ciotka
patient;pacjent
kitchen;kuchnia
aah;aah
fat;tˆuszcz
passed;przeszedˆ
m;m
final;finaˆ
summer;lato
bob;pion
listening;sˆuchaj¥cy
escape;ucieczka
everywhere;wsz©dzie
moon;ksi©¾yc
arms;ramiona
turns;zakr©ty
address;adres zamieszkania
ow;ow
match;mecz
gasps;sapps
grand;wielki
yep;tak
shh;shh
nervous;nerwowy
de;de
choose;wybiera†
themselves;sobie
decide;zdecydowa†
mate;kumpel
drinking;picie
press;naci˜nij
bother;niepokoi†
foot;stopa
hadn;had
blame;wini†
crap;bzdury
drugs;leki
type;rodzaj
rings;pier˜cienie
mission;misja
named;o nazwie
heaven;niebo
ii;ii
picked;doborowy
paris;pary¾
race;wy˜cig
risk;ryzyko
books;ksi¥¾ki
further;dalej
danny;danny
action;akcja
allowed;dozwolony
orders;zam¢wienia
learned;nauczyli
price;cena ?
arrived;przybyˆ
nick;naci©cie
otherwise;inaczej
pictures;kino
fit;pasowa†
smoke;pali†
favor;przychylno˜†
played;graˆ
notice;zauwa¾y†
awesome;wspaniaˆy
smile;u˜miech
director;dyrektor
guard;stra¾nik
begin;zaczyna†
spot;miejsce
surprised;zaskoczony
innocent;niewinny
narrator;narrator
herself;si©
london;londyn
feelings;uczucia
enemy;wr¢g
battle;bitwa
ourselves;my sami
alex;alex
dollars;dolary
allow;umo¾liwi†
nine;dziewi©†
gay;gay
department;dziaˆ
guilty;winny
apart;opr¢cz
earlier;wcze˜niej
duty;obowi¥zek
jim;jim
suit;garnitur
bell;dzwon
west;zach¢d
legs;nogi
hero;bohater
destroy;zniszczy†
stage;etap
bunch;gar˜†
according;wedˆug
chicken;kurczak
bigger;wi©kszy
grunting;pochrz¥kiwanie
low;niski
helping;porcja jedzenia
admit;przyznawa†
closed;zamkni©te
names;nazwy
witness;˜wiadek
upstairs;na g¢r©
arm;rami©
steal;kra˜†
jimmy;jimmy
kick;kopni©cie
twice;dwa razy
cross;krzy¾
ways;sposoby
sergeant;sier¾ant
indeed;rzeczywi˜cie
gas;gaz
keeping;konserwacja
energy;energia
pregnant;w ci¥¾y
waste;marnotrawstwo
helped;pom¢gˆ
fired;zwolniony z pracy
favorite;ulubiony
tony;tony
taste;smak
locked;zablokowany
places;miejsca
writing;pismo
adam;adam
brothers;bracia
starts;zaczyna si©
prince;ksi¥¾©
form;formularz
sold;sprzedany
silly;gˆupi
mention;wzmianka
build;budowa†
throat;gardˆo
hole;otw¢r
figured;wzorzysty
track;tor
ringing;dzwonienie
lock;zamek
leg;noga
above;nad
hiding;ukrywanie
steve;steve
seemed;wydawaˆo si©
breakfast;˜niadanie
engine;silnik
written;pisemny
complete;kompletny
video;wideo
applause;oklaski
however;jednak¾e
pressure;nacisk
fresh;˜wie¾y
weapon;broä
sky;niebo
ms.;sm.
stole;ukradˆem
study;nauka
burn;oparzenie
reading;czytanie
crowd;tˆum
treat;leczy†
roll;rolka
double;podw¢jnie
spirit;duch
danger;zagro¾enie
cost;koszt
empty;pusty
level;poziom
memory;pami©†
itself;samo
acting;gra aktorska
interest;odsetki
nose;nos
plans;plany
following;nast©pny
bathroom;ˆazienka
built;wybudowany
closer;bli¾szy
ray;promieä
sarah;sarah
band;pasmo
groans;st©kanie
apparently;widocznie
excited;podekscytowany
richard;richard
losing;przegrywaj¥cy
animals;zwierz¥t
flight;lot
nature;natura
raise;podnie˜†
pop;muzyka pop
client;klient
bomb;bomba
neck;szyja
suspect;podejrzany
warm;ciepˆy
extra;dodatkowy
bottle;butelka
van;awangarda
heavy;ci©¾ki
mommy;mamusia
dogs;psy
wild;dziki
ridiculous;˜mieszny
simply;po prostu
lee;zawietrzny
animal;zwierz©
showed;pokazane
billy;mena¾ka
shooting;strzelanie
keeps;keeps
camp;ob¢z
guns;pistolety
medical;medyczny
shame;wstyd
hoping;maj¥c nadziej©
whom;kogo, komu
bird;ptak
majesty;majestat
flowers;kwiaty
famous;sˆynny
asleep;we ˜nie
beauty;pi©kno
driver;kierowca
keys;klucze
rain;deszcz
awful;okropny
large;wielki
local;lokalny
deserve;zasˆugiwa†
goddamn;przekl©ty
stone;zˆ¢g
jane;jane
grace;wdzi©k
consider;rozwa¾a†
weekend;weekend
wondering;zastanawianie si©
lay;kˆa˜†
plenty;du¾o
willing;ch©tny
pants;spodnie
sweetheart;kochanie
skin;sk¢ra
excellent;doskonaˆy
asshole;dupek
beach;pla¾a
c;c
faith;wiara
beg;bˆaga†
fuckin;kurwa
responsible;odpowiedzialny
military;wojskowy
cheering;doping
opportunity;mo¾liwo˜†
common;wsp¢lny
bottom;na dole
german;niemiecki
whoever;ktokolwiek
cook;gotowa†
walked;szedˆ
papers;dokumenty to¾samo˜ci
justice;sprawiedliwo˜†
hall;hol
commander;dow¢dca
drug;lek
main;gˆ¢wny
knife;n¢¾
devil;diabeˆ
necessary;niezb©dny
although;chocia¾
princess;ksi©¾niczka
lights;˜wiatˆa
flying;lataj¥cy
dick;kutas
rose;r¢¾a
knowing;porozumiewawczy
clearly;wyra«nie
hat;kapelusz
agreed;zgoda
johnny;jasio
corner;naro¾nik
code;kod
note;notatka
tommy;tommy
due;nale¾ny
correct;prawidˆowy
apologize;przeprasza†
language;j©zyk
stars;gwiazdy
faster;szybciej
cars;samochody
folks;ludzie
bullshit;gˆupie gadanie
i.;i.
fellow;kolega
several;kilka
grandma;babcia
shows;przedstawia
leader;lider
leaves;odchodzi
restaurant;restauracja
east;wsch¢d
shouting;rozkrzyczany
blind;˜lepy
ghost;duch
cup;puchar
gotten;got
tight;obcisˆy
conversation;rozmowa
tells;m¢wi
lies;kˆamstwa
nor;ani
pulled;poci¥gni©ty
hanging;wisz¥ce
speed;pr©dko˜†
stories;historie
health;zdrowie
advice;rada
held;trzymany
uh-huh;uh huh
murdered;zamordowany
beyond;poza
rule;reguˆa
hardly;prawie wcale
possibly;prawdopodobnie
inspector;inspektor
cousin;kuzyn
trial;test
emergency;nagˆy wypadek
ought;powinien
eddie;eddie
somehow;jako˜
hearing;przesˆuchanie
states;paästwa
account;rachunek
spoke;przem¢wiˆ
file;plik
understood;zrozumiany
angel;anioˆ
tape;ta˜ma
milk;mleko
powerful;pot©¾ny
weapons;bronie
practice;†wiczy†
manager;mened¾er
pardon;pardon
vote;gˆosowa†
jake;jake
national;krajowy
career;kariera
minister;minister
super;super
taught;nauczony
robert;robert
biggest;najwi©kszy
plays;sztuki
natural;naturalny
dancing;taniec
copy;kopiuj
plus;plus
martin;jask¢ˆka okn¢wka
cake;ciasto
freedom;wolno˜†
among;w˜r¢d
breath;oddech
operation;operacja
chris;chris
crew;zaˆoga
challenge;wyzwanie
market;rynek
meat;mi©so
towards;w stron©
bringing;przynosz¥cy
dropped;porzucone
student;student
lied;skˆamaˆ
strength;siˆa
size;rozmiar
breathe;oddycha†
color;kolor
monster;potw¢r
loud;gˆo˜no
photo;zdj©cie
aw;aw
nearly;prawie
sight;widok
greatest;najwi©kszy
games;gry
bridge;most
dressed;ubrany
arrested;aresztowany
horrible;okropny
coach;trener
planning;planowanie
checked;w krat©
breaking;ˆamanie
noticed;zauwa¾ony
fantastic;fantastyczny
screams;krzyki
serve;obsˆugiwa†
ideas;pomysˆy
investigation;dochodzenie
center;˜rodek
older;starsze
pack;pakiet
soldiers;¾oˆnierski
nonsense;nonsens
doc;doc
project;projekt
training;trening
example;przykˆad
trick;sztuczka
prepared;przygotowany
science;nauki ˜cisˆe
united;zjednoczony
travel;podr¢¾
incredible;niesamowite
grandpa;dziadek
paying;intratny
character;posta†
teeth;z©by
criminal;kryminalista
charles;charles
chinese;chiäski
truly;naprawd©
honestly;szczerze
bro;bracie
survive;prze¾y†
bobby;konstabl
target;cel
feed;karmi†
nurse;piel©gniarka
e;mi
fake;podr¢bka
records;dokumentacja
breathing;oddechowy
sweetie;kochanie
numbers;liczby
oil;olej
suicide;samob¢jstwo
belong;nale¾e†
whoo;whoo
perfectly;doskonale
amy;amy
forgotten;zapomniany
remain;pozosta†
original;oryginaˆ
papa;papa
onto;na
concerned;zainteresowany
credit;kredyt
ugh;ugh
invited;zaproszony
discuss;om¢wi†
research;badania
easier;ˆatwiej
view;pogl¥d
chair;krzesˆo
hurts;boli
strike;strajk
roger;zrozumiaˆem
fill;wypeˆni†
condition;stan
mountain;g¢ra
dr;dr
nowhere;nigdzie
sheriff;szeryf
kim;kim
turning;obr¢cenie
brown;br¥zowy
recognize;rozpozna†
heads;gˆowy
audience;publiczno˜†
all;wszystko
jealous;zazdrosny
pretend;udawa†
society;spoˆeczeästwo
finding;odkrycie
shirt;koszula
comfortable;wygodna
meaning;oznaczaj¥cy
guest;go˜†
pieces;sztuki
dry;suchy
letting;pozwalaj¥c
began;zacz¥ˆ si©
aye;zawsze
jeff;jeff
female;kobieta
release;wydanie
ho;ho
cards;karty
pray;m¢dl si©
unfortunately;niestety
balls;kulki
destroyed;zniszczony
ended;zakoäczyˆo si©
universe;wszech˜wiat
prepare;przygotowa†
opinion;opinia
movies;kino
soldier;¾oˆnierz
wash;my† si©
program;program
heat;ciepˆo
usual;zwykˆy
ticket;bilet
stolen;skradziony
prefer;wole†
aware;˜wiadomy
surely;pewno
male;m©¾czyzna
base;baza
matters;spraw
lift;winda
lab;laboratorium
command;komenda
proof;dow¢d
cream;krem
selling;sprzedawanie
believed;wierzyˆ
create;stw¢rz
h;h
afford;pozwala†
sunday;niedziela
total;caˆkowity
dumb;gˆupi
threw;rzuciˆ
france;francja
birth;narodziny
created;utworzony
realized;realizowany
british;brytyjski
noise;haˆas
nuts;orzechy
students;studenci
birds;ptaki
social;spoˆeczny
brilliant;znakomity
bodies;ciaˆa
tie;krawat
opened;otwierany
ours;nasz
bucks;bucks
kevin;kevin
mister;pan
ugly;brzydki
ryan;ryan
focus;skupia†
dan;dan
opens;otwiera si©
exist;istnie†
followed;po nim
england;anglia
draw;remis
purpose;zamiar
letters;listy
daniel;daniel
opening;otwarcie
bullet;pocisk
anna;ania
lately;ostatnio
stayed;zostaˆ
falling;spadaj¥cy
season;pora roku
ends;koäczy si©
suggest;sugerowa†
joy;rado˜†
distance;dystans
responsibility;odpowiedzialno˜†
whenever;zawsze, gdy
issue;kwestia
thousands;tysi¥ce
process;proces
sword;miecz
shower;kabina prysznicowa
weak;sˆaby
fucked;pieprzony
lonely;samotny
happiness;szcz©˜cie
eric;eric
tiny;malutki
desk;biurko
pool;basen
property;wˆasno˜†
forced;wymuszony
settle;rozstrzygn¥†
indistinct;niewyra«ny
weight;waga
received;odebrane
gang;banda
bite;ugryzienie
friday;pi¥tek
disappeared;znikn¥ˆ
interview;wywiad
expecting;przy nadziei
kinda;poniek¥d
surgery;chirurgia
horses;konie
mayor;burmistrz
babe;dziecko
ancient;staro¾ytny
handsome;przystojny
thomas;tomasz
saturday;sobota
staff;personel
lines;linie
unit;jednostka
fan;miˆo˜nik
gentleman;pan
introduce;przedstawia†
fate;los
split;rozdziela†
recently;ostatnio
expected;spodziewany
add;dodaj
ordered;zam¢wiono
slowly;powoli
alarm;alarm
member;czˆonek
slept;spaˆ
signed;podpisane
enter;wej˜†
spanish;hiszpaäski
garden;ogr¢d
brings;przynosi
brave;odwa¾ny
pig;˜winia
model;model
finger;palec
medicine;lekarstwo
access;dost©p
failed;przegrany
flat;mieszkanie
easily;z ˆatwo˜ci¥
discovered;odkryty
based;na podstawie
screw;˜ruba
insane;obˆ¥kany
cares;troszczy si©
weather;pogoda
fingers;palce
san;san
scott;scott
path;˜cie¾ka
soft;mi©kki
harm;zaszkodzi†
style;styl
community;wsp¢lnota
sees;widzi
basically;zasadniczo
al;glin
signal;sygnaˆ
nope;nie
spare;zapasowy
speech;przem¢wienie
covered;pokryty
shake;potrz¥sn¥†
loose;lu«ny
snow;˜nieg
russian;rosyjski
lake;jezioro
bright;jasny
roof;dach
ohh;ohh
sending;wysyˆanie
paint;farba
remind;przypomina†
pal;kumpel
naked;nagi
post;poczta
sugar;cukier
heading;nagˆ¢wek
streets;ulice
damage;szkoda
silence;cisza
doors;drzwi
pete;pete
ed;wyd
success;powodzenie
wet;mokro
nah;nie
amount;ilo˜†
members;czˆonkowie
kate;kate
manage;zarz¥dza†
safety;bezpieczeästwo
returned;zwr¢cony
harder;trudniej
fbi;fbi
block;blok
showing;seans
fancy;wymy˜lny
chef;szef kuchni
contract;kontrakt
dig;kopa†
chest;skrzynia
good-bye;do widzenia
drinks;napoje
dave;dave
buried;pochowany
brian;brian
trade;handel
journey;podr¢¾
stomach;¾oˆ¥dek
changes;zmiany
details;detale
thoughts;my˜li
divorce;rozw¢d
funeral;pogrzeb
maria;maria
football;piˆka no¾na
reality;rzeczywisto˜†
theory;teoria
gosh;bo¾e
ruined;zrujnowany
gate;brama
william;william
spread;rozpi©to˜†
outta;outta
japanese;j©zyk japoäski
sudden;nagˆy
coat;pˆaszcz
sooner;wcze˜niej
cheese;ser
larry;larry
spring;wiosna
page;strona
ears;uszy
simon;szymon
castle;zamek
hidden;ukryty
storm;burza
cos;saˆata
personally;osobi˜cie
artist;artysta
hill;wzg¢rze
exciting;ekscytuj¥cy
permission;pozwolenie
jerry;nocnik
expensive;kosztowny
tickets;bilety
forest;las
barely;ledwie
eggs;jajka
goin;wej˜†
regret;¾al
lesson;lekcja
lover;kochanek
bread;chleb
andy;andy
subject;przedmiot
legal;prawny
growing;rozw¢j
ill;chory
jason;jason
mood;nastr¢j
owner;wˆa˜ciciel
caused;spowodowany
beeping;sygnaˆ d«wi©kowy
points;zwrotnica
dating;randki
loss;strata
secretary;sekretarz
revenge;zemsta
santa;˜wi©ty
likely;prawdopodobne
rent;wynajem
connection;poˆ¥czenie
assistant;asystent
reasons;powody
yelling;wrzeszczaˆ
painting;obraz
trees;drzewa
doctors;lekarze
rush;wysypka
foreign;zagraniczny
rough;surowy
murderer;morderca
century;wiek
nights;noce
pair;para
runs;biegi
pocket;kieszeä
farm;gospodarstwo rolne
matt;matt
bike;rower
obvious;oczywiste
ate;jedli
grew;dorastaˆ
professional;profesjonalny
tim;tim
goodness;dobro†
parts;cz©˜ci
alan;alan
university;uniwersytet
square;kwadrat
grandfather;dziadek
europe;europa
genius;geniusz
cases;sprawy
ruin;ruina
winter;zima
tongue;j©zyk
memories;wspomnienia
da;da
buying;kupowanie
cancer;nowotw¢r
clock;zegar
ocean;ocean
dna;dna
liar;kˆamca
tour;wycieczka
thief;zˆodziej
bleep;bleep
lisa;lisa
rights;prawa
including;wˆ¥cznie z
competition;konkurencja
smith;kowal
planned;zaplanowany
emily;emilia
boring;nudy
victims;ofiary
mentioned;wspomniany
bones;ko˜ci
plant;zakˆad
bless;bˆogosˆawi†
warning;ostrze¾enie
knocking;pukanie
re;odno˜nie
crash;rozbi† si©
bedroom;sypialnia
lower;ni¾ej
silver;srebro
groaning;j©cze†
madame;pani
defense;obrona
results;wyniki
toilet;toaleta
event;wydarzenie
complicated;skomplikowany
shape;ksztaˆt
priest;kapˆan
royal;kr¢lewski
cheap;tani
romantic;romantyczny
downstairs;na dole
invite;zaprasza†
fortune;fortuna
tears;ˆzy
avoid;unika†
reached;osi¥gni©ty
higher;wy¾szy
familiar;znajomy, rodzinny
telephone;telefon
burning;palenie
filled;wypeˆniony
kelly;kelly
alice;alice
airport;lotnisko
jobs;oferty pracy
grown;dorosˆy
walter;walter
rachel;rachel
giant;ogromny
insurance;ubezpieczenie
woods;las
n;n
scare;przestraszy†
pleased;zadowolony
period;kropka
political;polityczny
player;gracz
stops;przystanki
secrets;tajniki
laura;laura
repeat;powtarza†
photos;zdj©cia
finds;znaleziska
statement;o˜wiadczenie
suck;ssa†
younger;mˆodszy
china;chiny
humans;ludzie
delicious;pyszne
particular;konkretny
proper;wˆa˜ciwy
rome;rzym
belongs;nale¾y
attacked;zaatakowany
bath;k¥piel
hired;zatrudniony
site;strona
knowledge;wiedza
b;b
led;doprowadziˆo
guests;go˜cie
celebrate;˜wi©towa†
map;mapa
horn;klakson
eventually;ostatecznie
pity;szkoda
powers;uprawnienie
ashamed;zawstydzony
assume;zaˆo¾y†
glasses;okulary
rise;wzrasta†
fixed;naprawiˆ
request;¾¥danie
officers;oficerowie
pounds;funty
data;dane
carefully;ostro¾nie
per;za
depends;zale¾y
jury;jury
waited;czekaˆem
positive;pozytywny
attorney;adwokat
direction;kierunek
families;rodziny
clock;zegar
doin;doin
forces;siˆy
location;lokalizacja
walls;˜ciany
useless;bezu¾yteczny
grant;dotacja
saving;oszcz©dno˜†
speaks;m¢wi
fought;walczyˆ
meal;posiˆek
deliver;dostarczy†
answers;odpowiedzi
changing;wymiana pieni©dzy
temple;˜wi¥tynia
scary;straszny
millions;miliony
offered;oferowany
regular;regularny
carrying;nios¥c
official;urz©dnik
jacket;kurtka
switch;przeˆ¥cznik
grave;mogiˆa
chase;po˜cig
role;rola
odd;dziwne
sexy;seksowny
faces;twarze
becomes;staje si©
closes;zamyka
badly;«le
tall;wysoki
confused;zmieszany
affair;romans
television;telewizja
shock;zaszokowa†
raised;uniesiony
panting;dysz¥c
pizza;pizza
image;obraz
clears;oczyszczenia
golden;zˆoty
patients;pacjenci
watched;obejrzane
committed;zaanga¾owany
sexual;seksualny
suffer;cierpie†
arthur;arthur
wherever;gdziekolwiek
plate;talerz
appear;pojawi† si©
chocolate;czekolada
clever;sprytny
hm;hm
mercy;ˆaska
shots;strzaˆy
lucy;lucy
dealing;post©powanie
trap;puˆapka
charges;opˆaty
phil;phil
bang;huk
poison;zatru†
butt;krupon
drove;stado
yourselves;si©
headed;gˆowiasty
babies;dzidziusie
yellow;¾¢ˆty
soup;zupa
mystery;tajemnica
picking;owocobranie
sat;sat
wound;rana
traffic;ruch drogowy
courage;odwaga
hunt;polowanie
indian;indyjski
rat;szczur
terms;semestry
italian;wˆoski
emma;emma
checking;kontrola
disease;choroba
managed;zarz¥dzany
winner;zwyci©zca
council;rada
appointment;wizyta, um¢wione spotkanie
monday;poniedziaˆek
crack;p©ka†
threat;gro«ba
jenny;prz©dzarka
physical;fizyczny
nation;nar¢d
source;«r¢dˆo
chose;wybraˆ
healthy;zdrowy
carl;carl
victory;zwyci©stwo
rick;st¢g
stood;staˆ
kicked;kopni©ty
annie;annie
disgusting;obrzydliwy
palace;paˆac
below;poni¾ej
shopping;zakupy
neighborhood;s¥siedztwo
march;marsz
lips;usta
midnight;˜rodek nocy
piss;siki
advantage;korzy˜†
pure;czysty
india;indie
aside;na bok
jerk;szarpa†
mail;poczta
dawn;˜wit
effect;efekt
spell;zakl©cie
freak;dziwak
wood;drewno
screwed;pijany
enemies;wrogowie
gary;gary
awake;obudzi†
chuckling;chichot
vacation;wakacje
violence;przemoc
leo;lew
grandmother;babcia
modern;nowoczesny
luke;ˆukasz
firm;solidny
prime;gˆ¢wny
heh;heh
touched;wzruszony
talent;talent
whore;kurwa
piano;fortepian
license;licencja
cooking;gotowanie
honour;zaszczyt
concern;sprawa
moves;ruchy
available;do dyspozycji
factory;fabryka
gods;bogowie
value;warto˜†
central;centralny
union;unia
mirror;lustro
studio;studio
media;gˆoska bezd«wi©czna
taxi;taxi
dies;umiera
iron;¾elazo
hearts;kiery
desire;pragnienie
rob;obrabowa†
claire;claire
fred;fred
songs;piosenki
washington;waszyngton
monkey;maˆpa
pride;duma
pills;piguˆki
miracle;cud
swim;pˆywa†
burned;spalony
smells;zapach
joking;¾artowanie
christian;chrze˜cijanin
bleeding;krwawienie
hook;hak
beating;bicie
protection;ochrona
treatment;leczenie
ear;ucho
carter;furman
metal;metal
disappear;znika†
grateful;wdzi©czny
extremely;niezwykle
treasure;skarb
rescue;ratowa†
capable;zdolny
passing;przechodz¥cy
chatter;gada†
result;wynik
suffering;cierpienie
sisters;siostry
laid;poˆo¾ony
governor;gubernator
guards;gwardia
louis;louis
text;tekst
literally;dosˆownie
remove;usun¥†
becoming;twarzowy
performance;wydajno˜†
stronger;silniejszy
rate;wska«nik
deeply;gˆ©boko
scream;krzyk
desert;pustynia
vehicle;pojazd
illegal;nielegalny
pulling;ci¥gni©cie
throwing;rzucanie
josh;josh
unbelievable;nie do wiary
ted;przetrz¥sa†
zero;zero
dean;dziekan
curious;ciekawski
sean;sean
candy;cukierek
bone;ko˜†
tied;zawi¥zany
edge;brzeg
load;zaˆaduj
susan;susan
ahh;ahh
mountains;g¢ry
boom;bum
former;dawny
holiday;˜wi©to
riding;jazda konna
scoffs;szydzi
hundreds;setki
motherfucker;skurwysynek
sue;pozwa†
bags;torebki
stealing;kradzie¾
appears;wydaje
arrive;przyjecha†
remains;pozostaje
decent;przyzwoity
issues;zagadnienia
tip;wskaz¢wka
fail;ponie˜† pora¾k©
bride;panna mˆoda
pissed;zalany
penny;grosz
claim;prawo
friendship;przyja«ä
desperate;zdesperowany
flower;kwiat
dramatic;dramatyczny
refuse;odrzuca†
solve;rozwi¥zywa†
theme;motyw
loving;kochaj¥cy
properly;odpowiednio
dragon;smok
mostly;przewa¾nie
chuck;gdakanie
directly;bezpo˜rednio
surface;powierzchnia
FALSE;faˆszywy
cast;rzuca†
junior;junior
hunting;polowanie
silent;cichy
thou;ty
egg;jajko
germany;niemcy
punch;dziurkacz
africa;afryka
woke;obudziˆ
intelligence;inteligencja
borrow;po¾yczy†
winning;zwyci©ski
falls;spada
popular;popularny
escaped;uciekˆ
witch;czarownica
convinced;przekonany
warn;ostrzega†
announcer;spiker
champagne;szampan
dust;pyˆ
kyle;kyle
someday;pewnego dnia
fallen;upadˆy
stranger;nieznajomy
presence;obecno˜†
tear;ˆza
st.;st.
internet;internet
monsieur;lord
therefore;dlatego
technology;technologia
tires;opony
toast;toast
wise;m¥dry
clark;clark
americans;amerykanie
notes;notatki
smoking;palenie
hank;motek
ls;ls
april;kwiecieä
wolf;wilk
precious;cenny
rooms;pokoje
coast;wybrze¾e
treated;leczony
material;materiaˆ
released;wydany
uniform;mundur
hated;znienawidzony
considered;uwa¾ane
rice;ry¾
exchange;wymienia† si©
steps;kroki
blake;blake
convince;przekona†
beast;bestia
cow;krowa
files;akta
signs;oznaki
drag;ci¥gn¥†
cab;taks¢wka
hung;zawieszony
carried;realizowane
ordinary;zwykˆy
successful;odnosz¥cy sukcesy
eve;przeddzieä
mistakes;bˆ©dy
houses;domy
chattering;gadanie
brains;m¢zg
japan;japonia
creature;kreatura
fourth;czwarty
separate;oddzielny
cleaning;czyszczenie
california;kalifornia
lf;lf
ll;ll
shift;zmiana
elizabeth;elizabeth
chicago;chicago
exact;dokˆadny
karen;karen
goal;bramka
expert;ekspert
served;podawane
direct;bezpo˜redni
score;wynik
row;wiersz
marks;znaki
twenty;20
receive;odbiera†
series;seria
section;sekcja
pilot;pilot
jackson;jackson
darkness;ciemno˜†
thy;tw¢j
sale;wyprzeda¾
destiny;przeznaczenie
cure;lek
spoken;m¢wiony
armed;uzbrojony
rare;rzadki
helen;helen
grade;gatunek
juice;sok
wide;szeroki
tower;wie¾a
solution;rozwi¥zanie
schedule;harmonogram
explosion;eksplozja
wheel;koˆo
cigarette;papieros
julie;julie
fruit;owoc
blew;blew
victor;zwyci©zca
talks;rozmowy
sacrifice;po˜wi©cenie
range;zasi©g
button;przycisk
reports;raporty
prisoner;wi©zieä
pie;ciasto
effort;wysiˆek
youth;mˆodzie¾
pot;garnek
eaten;zjedzony
taylor;taylor
knees;kolana
garage;gara¾
parking;parking
ambulance;karetka
staring;gapiowski
chances;szanse
circumstances;okoliczno˜ci
sin;grzech
gordon;gordon
progress;post©p
unusual;niezwykˆe
county;hrabstwo
stairs;schody
campaign;kampania
mon;mon
vision;wizja
reporter;reporter
equipment;ekwipunek
moments;chwile
joey;joey
mass;masa
alien;obcy
trapped;uwi©ziony
helps;pomaga
route;trasa
defend;broni†
trace;namierza†
nasty;paskudny
tests;testy
magazine;czasopismo
rocks;skaˆy
dump;wysypisko
rude;niegrzeczny
searching;badawczy
clue;wskaz¢wka
connected;poˆ¥czony
amen;amen
pushed;pchany
merry;radosny
zone;strefa
senior;senior
closing;zamkni©cie
freeze;zamra¾a†
emperor;cesarz
incident;incydent
snake;w¥¾
mexico;meksyk
lily;lilia
actor;aktor
newspaper;gazeta
sentence;wyrok
greg;greg
leading;prowadz¥cy
friendly;przyjazny
jones;jones
chosen;wybrany
engaged;zar©czony
julia;julia
charming;uroczy
mustn;mustn
anger;gniew
spending;wydatki
learning;uczenie si©
spy;szpieg
sharp;ostry
shadow;cieä
warrant;nakaz
elevator;winda
kingdom;kr¢lestwo
ricky;ricky
jamie;jamie
squad;dru¾yna
shoulder;rami©
wave;fala
amanda;amanda
highness;wyg¢rowanie
kinds;rodzaje
fishing;w©dkarstwo
sometime;czasami
attitude;nastawienie
sucks;suck
negative;negatywny
screen;ekran
workers;pracownicy
bored;znudzony
cameras;kamery
similar;podobny
understanding;zrozumienie
beeps;sygnaˆy d«wi©kowe
chain;ˆaäcuch
bull;byk
gasping;bez tchu
fully;w peˆni
robin;rudzik
collect;zebra†
gorgeous;przepi©kny
morgan;morgan
passion;pasja
writer;pisarz
empire;imperium
international;mi©dzynarodowy
curse;przekleästwo
hire;wynajmowa†
bastards;bastardowie
puts;pass
leads;wskaz¢wki
id;id
blows;blows
sons;synowie
estate;osiedle
customers;klienci
maggie;maggie
gunshot;postrzaˆowy
i-;i-
device;urz¥dzenie
troops;wojsko
hug;u˜cisk
design;projekt
movement;ruch
thunder;grzmot
object;obiekt
loser;przegrany
pen;dˆugopis
sobbing;sobbing
politics;polityka
despite;mimo
alcohol;alkohol
climb;wspina† si©
clients;klienci
conference;konferencja
provide;dostarcza†
marty;marty
seek;szuka†
witnesses;˜wiadkowie
earn;zarabia†
trash;˜mieci
valley;dolina
fashion;moda
howard;howard
episode;epizod
prize;nagroda
previously;poprzednio
sports;sporty
wanting;brakuj¥cy
debt;dˆug
wishes;¾yczenia
hitler;hitler
wire;drut
thee;ciebie
circle;okr¥g
approach;zbli¾a† si©
stock;zbiory
facts;fakty
remembered;zapami©tany
percent;procent
normally;normalnie
tail;ogon
joined;doˆ¥czyˆ
education;edukacja
bravo;brawo
library;biblioteka
rape;rzepak
wings;skrzydeˆka
growling;warczenie
thrown;rzucony
tank;czoˆg
exhales;wydech
authority;autorytet
current;obecny
failure;awaria
nightmare;koszmar
hitting;uderzenie
glory;chwaˆa
knocked;zapukaˆ
studying;uczenie si©
barry;barry
agency;agencja
apple;jabˆko
border;granica
rope;lina
duck;kaczka
reputation;reputacja
confidence;zaufanie
yard;dziedziniec
beloved;ukochany
lack;brak
actual;rzeczywisty
skills;umiej©tno˜ci
films;filmy
mental;psychiczny
salt;s¢l
flesh;ciaˆo
anne;anne
secure;bezpieczne
highly;wysoko
federal;federalny
sand;piasek
emotional;emocjonalny
setting;ustawienie
nothin;nic
senator;senator
services;usˆugi
robbery;rozb¢j
hates;nienawidzi
fed;karmiony
reward;nagroda
theater;teatr
johnson;johnson
commit;popeˆnia†
patrick;patrick
entirely;caˆkowicie
extraordinary;nadzwyczajny
ships;statki
opposite;naprzeciwko
parties;imprezy
stands;stoi
terry;terry
chat;czat
events;wydarzenia
mummy;mumia
bay;zatoka
slip;po˜lizg
disappointed;rozczarowany
settled;zadomowiony
begins;zaczyna si©
andrew;andrzej
alert;alarm
detail;szczeg¢ˆ
pink;r¢¾owy
fellas;faceci
accepted;przyj©ty
background;tˆo
garbage;˜mieci
panic;panika
minds;umysˆy
belt;pas
blowing;dmuchanie
hollywood;hollywood
agreement;umowa
jackie;jackie
pushing;popychanie
ability;umiej©tno˜†
tiger;tygrys
whispering;szeptanie
culture;kultura
saint;˜wi©ty
jesse;jesse
task;zadanie
solid;solidny
doll;lalka
intend;zamierza†
district;dzielnica
pa;rocznie
gee;ojej
custody;opieka
ignore;ignorowa†
naturally;naturalnie
useful;u¾yteczne
attempt;pr¢ba
abandoned;opuszczony
cutting;ci¥†
kissed;pocaˆowany
guarantee;gwarancja
barking;korowanie
gather;zebra†
policy;polityka
u.s.;nas.
violent;brutalny
maid;pokoj¢wka
embarrassing;¾enuj¥cy
childhood;dzieciästwo
wasting;zmarnowanie
bow;kokarda
chick;piskl©
sara;sara
disaster;katastrofa
revolution;rewolucja
online;online
f;f
demon;demon
heavily;ci©¾ko
coincidence;zbieg okoliczno˜ci
perform;odgrywa†
thin;cienki
terrific;przera¾aj¥cy
mac;prochowiec
crown;korona
identity;to¾samo˜†
virgin;dziewica
impressive;imponuj¥cy
windows;okna
no-one;nikt
potential;potencjaˆ
guitar;gitara
committee;komisja
dozen;tuzin
delivery;dostawa
advance;osi¥gni©cie
quietly;cicho
stan;stan
teaching;nauczanie
hunter;ˆowca
latest;najnowszy
hurting;bolesne
swing;hu˜ta† si©
capital;kapitaˆ
counting;rachunkowo˜†
drew;rysowaˆ
dirt;brud
whistle;gwizda†
marie;marie
hits;trafienia
doug;doug
deny;zaprzeczy†
urgent;pilne
threatened;zagro¾ony
behavior;zachowanie
molly;pedaˆ
mixed;mieszany
stays;gorset
assure;gwarantowa†
subtitles;napisy na filmie obcoj©zycznym
explanation;wyja˜nienie
wins;wygrywa
unique;unikalny
chasing;˜ciganie
billion;miliard
duke;ksi¥¾©
production;produkcja
slave;niewolnik
agents;agenci
carol;kol©da
lets;pozw¢l
cruel;okrutny
mask;maska
sally;wypad
behave;zachowywa† si©
bury;pogrzeba†
massive;masywny
pathetic;¾aˆosne
species;gatunek
approaching;zbli¾aj¥cy si©
jo;jo
loan;po¾yczka
struggle;walka
dish;danie
trusted;zaufany
jumped;skoczyˆ
firing;ostrzaˆ
channel;kanaˆ
abby;abby
stopping;zatrzymanie
asks;pyta
jean;drelich
swimming;pˆywanie
daily;codzienny
basement;piwnica
linda;linda
quarter;kwartaˆ
erm;erm
bound;zobowi¥zany
navy;marynarka wojenna
article;artykuˆ
guide;przewodnik
accused;oskar¾ony
transfer;przenosi†
guts;wn©trzno˜ci
quality;jako˜†
fella;kole˜
roman;rzymski
greater;wi©kszy
damned;cholernie
couch;kanapa
cheer;wiwat
vegas;vegas
shoe;but
title;tytuˆ
shy;nie˜miaˆy
punishment;kara
los;los
clicks;klikni©cia
you;ty
closet;gabinet
bye-bye;pa pa
fever;gor¥czka
coward;tch¢rz
flash;lampa bˆyskowa
impressed;pod wra¾eniem
bruce;bruce
siren;syrena
prisoners;wi©«niowie
sides;boki
bowl;miska
katie;katie
supply;dostarcza†
sensitive;wra¾liwy
hopefully;ufnie
rolling;walcowanie
roy;roy
dollar;dolar
tone;ton
voices;gˆosy
g;g
i;i
cheating;oszukiwanie
confess;wyzna†
demand;¾¥danie
museum;muzeum
unknown;nieznany
drama;dramat
suspicious;podejrzany
adult;dorosˆy
todd;todd
frightened;przera¾ony
warned;ostrze¾ony
steady;staˆy
kills;zab¢jstwa
crossed;skrzy¾owane
lou;lou
particularly;w szczeg¢lno˜ci
sandwich;kanapka
laws;prawa
joint;wsp¢lny
bullets;kule
package;pakiet
trained;przeszkolony
thursday;czwartek
boots;buty
possibility;mo¾liwo˜†
albert;albert
civil;cywilny
june;czerwiec
germans;niemcy
baseball;baseball
express;wyrazi†
miserable;nieszcz©˜liwy
tuesday;wtorek
parker;parker
lion;lew
joseph;joseph
refused;odrzucony
shine;poˆysk
assault;napa˜†
hong;hong
jokes;¾arby
breaks;przerwy
argue;kˆ¢ci† si©
you-;ty-
trail;˜cie¾ka
option;opcja
recall;przypomnienie sobie czego˜
mighty;pot©¾ny
collection;kolekcja
oliver;oliver
wilson;wilson
accent;akcent
believes;wierzy
decisions;decyzje
embarrassed;zakˆopotany
mobile;mobilny
customer;klient
terribly;niemo¾liwie
sec;sec
charity;jaˆmu¾na
considering;rozwa¾aj¥c
pussy;kiciu˜
donna;donna
protecting;ochrona
flag;flaga
kidnapped;porwany
italy;wˆochy
balance;saldo
creatures;stworzenia
nuclear;j¥drowy
wallet;portfel
shout;krzycze†
vincent;vincent
entered;weszˆa
impression;wra¾enie
angela;angela
jay;s¢jka
degrees;stopni
favour;przychylno˜†
reaction;reakcja
network;sie†
jessica;jessica
version;wersja
concert;koncert
gear;bieg
singer;piosenkarz
diamond;diament
defeat;pokona†
steven;steven
lane;uliczka
blast;podmuch
wounded;ranny
anytime;w dowolnym momencie
partners;wzmacniacz
ages;wieczno˜†
charlotte;charlotte
ceremony;ceremonia
league;liga
bars;sˆupy
orange;pomaraäczowy
specific;konkretny
conditions;warunki
plastic;plastikowy
crisis;kryzys
fifth;pi¥ty
term;termin
self;samego siebie
offering;oferuj¥c
bud;p¥czek
suffered;cierpiaˆ
reported;zgˆoszone
commissioner;komisarz
rip;rozerwa†
mysterious;tajemniczy
entrance;wej˜cie
messed;pomieszany
tunnel;tunel
designed;zaprojektowany
neighbor;s¥siad
aboard;na
sweat;pot
justin;justin
ghosts;duchy
crimes;przest©pstwa
costs;koszty
deserves;zasˆuguje na
dreaming;marzenie
bust;biust
el;el
teddy;mi˜
kong;kong
messages;wiadomo˜ci
enjoying;ciesz¥c
afterwards;nast©pnie
comfort;komfort
mason;mason
surrender;podda† si©
gym;siˆownia
kitty;koteczek
crush;zmia¾d¾y†
yup;tak
arranged;uˆo¾ony
suits;garnitury
pee;robi† siku
stress;stres
cave;jaskinia
wing;skrzydˆo
jordan;jordania
arrange;zorganizowa†
comrade;towarzysz
noble;szlachetny
tricks;wydziwianie
betty;betty
launch;pocz¥tek
legend;legenda
mix;miesza†
golf;golf
imagination;wyobra«nia
fox;lis
kissing;caˆowanie
butter;masˆo
tax;podatek
gross;obrzydliwy
edward;edward
texas;teksas
insist;nalega†
marcus;marcus
classic;klasyczny
selfish;samolubny
skull;czaszka
frankie;frankie
shown;pokazane
bat;nietoperz
survived;prze¾yˆ
print;wydrukowa†
champion;mistrz
bills;rachunki
therapy;terapia
lifetime;do¾ywotni
throughout;na wskro˜
a.m.;jestem.
nathan;nathan
toward;w kierunku
sauce;sos
experiment;eksperyment
margaret;maˆgorzata
describe;opisa†
ross;ross
grass;trawa
cheat;oszuka†
attend;bra† udziaˆ w
homework;praca domowa
lewis;chwytak
betrayed;zdradzony
servant;sˆuga
cap;czapka
tyler;tyler
bible;biblia
practically;praktycznie
catherine;catherine
steel;stal
wipe;wytrze†
burns;burns
j;j
generation;pokolenie
cabin;kabina
financial;bud¾etowy
industry;przemysˆ
bond;obligacja
sheep;owce
scientists;naukowcy
beaten;bity
heck;heck
deck;talia kart
fans;wentylatory
script;scenariusz
brand;marka
degree;stopieä
painful;bolesny
coughing;kaszel
religion;religia
cats;koty
stephen;stephen
influence;wpˆyw
fuel;paliwo
drawing;rysunek
uh-oh;o o
rabbit;kr¢lik
exercise;†wiczenie
attractive;atrakcyjny
touching;wzruszaj¥ce
virus;wirus
realise;realizowa†
torture;torturowa†
blessed;bˆogosˆawiony
plain;zwykˆy
rebecca;rebecca
recent;ostatni
barbara;barbara
footsteps;˜lady
sacred;po˜wi©cony
removed;usuni©ty
pretending;udawanie
wasted;zmarnowany
jewish;¾ydowski
goodnight;dobranoc
robot;robot
crystal;krysztaˆ
confirm;potwierdza†
lad;chˆopak
mile;mila
division;podziaˆ
scratch;zadrapanie
reminds;przypomina
walks;spacery
ending;koäcz¥cy si©
russia;rosja
contest;konkurs
valuable;warto˜ciowy
distant;odlegˆy
dumped;porzucone
motion;ruch
electricity;elektryczno˜†
centre;˜rodek
murders;morderstwa
tina;tina
jeremy;jeremy
seal;foka
standard;standard
ellen;ellen
wore;nosiˆ
surrounded;otoczony
struck;uderzony
inform;poinformowa†
gentle;delikatny
status;status
purse;portmonetka
prints;wydruki
players;gracze
charged;naˆadowany
begging;¾ebranie
delivered;dostarczony
kenny;kenny
buck;brykni©cie
nina;nina
construction;budowa
confirmed;potwierdzony
confession;wyznanie
trigger;cyngiel
cells;kom¢rki
frankly;szczerze m¢wi¥c
ali;ali
exit;wyj˜cie
response;odpowied«
cancel;anulowa†
argument;argument
principal;gˆ¢wny
turkey;indyk
lucas;lucas
clinic;klinika
greetings;pozdrowienia
neighbors;s¥siedzi
vice;wice
toy;zabawka
hannah;hanna
everyday;codzienny
generous;hojny
gain;osi¥ga†
idiots;idioci
holly;ostrokrzew
enjoyed;cieszyˆ si©
jungle;d¾ungla
link;poˆ¥czy†
underground;pod ziemi¥
smiling;u˜miechaj¥c si©
mistress;kochanka
teams;zespoˆy
product;produkt
beef;woˆowina
whispers;szepty
religious;religijny
presents;przedstawia
identify;zidentyfikowa†
chip;¾eton
chffffff;chffffff
surveillance;nadz¢r
carlos;carlos
vampire;wampir
routine;rutyna
uses;u¾ycie
michelle;michelle
underneath;pod spodem
systems;systemy
temperature;temperatura
waves;fale
tribe;plemi©
brad;†wiek
deputy;zast©pca
sophie;zofia
headquarters;siedziba
equal;r¢wny
phones;telefony
ken;rozpozna†
reckon;liczy† si©
related;zwi¥zane z
incredibly;niewiarygodnie
chill;chˆod
spit;plu†
tracks;utwory
oscar;oscar
makeup;makija¾
bug;bˆ¥d
sounded;brzmiaˆo
spirits;duchy
nerve;nerw
divorced;rozwiedziony
stake;stawka
port;port
doorbell;dzwonek do drzwi
worries;zmartwienia
nephew;siostrzeniec
miller;mˆynarz
units;jednostki
just-;tylko-
proceed;przyst©powa†
landing;l¥dowanie
traitor;zdrajca
outfit;str¢j
chloe;chloe
bail;kaucja
fields;pola
patience;cierpliwo˜†
recording;nagranie
foolish;niem¥dry
loaded;zaˆadowany
tokyo;tokio
davis;davis
costume;kostium
wayne;wayne
injured;ranny
somethin;co˜
ian;ian
pet;zwierzak domowy
cage;klatka szybowa
digging;kopanie
spain;hiszpania
seats;siedzenia
awkward;niezr©czny
cleaned;wyczyszczony
pattern;wzorzec
filthy;brudny
visiting;przyjezdny
jews;¾ydzi
answering;odpowied«
concentrate;skupia† si©
someplace;jakie˜ miejsce
citizens;obywatele
aim;cel
nancy;nancy
affairs;sprawy
thick;gruby
sport;sport
basic;podstawowy
electric;elektryczny
pleasant;przyjemne
cliff;klif
nail;gw¢«d«
russell;russell
environment;˜rodowisko
western;zachodni
average;przeci©tny
ease;ˆatwo˜†
raped;zgwaˆcony
interrupt;przerwa†
judy;judy
satisfied;zadowolona
beep;brz©czyk
starving;gˆoduj¥cy
documents;dokumenty
anniversary;rocznica
beth;beth
election;wyb¢r
warrior;wojownik
r;r
forth;naprz¢d
fetch;aportowa†
banks;banki
placed;umieszczony
timing;wyczucie czasu
stones;kamienie
complex;zˆo¾ony
frozen;mro¾ony
replace;zast¥pi†
prayer;modlitwa
skip;pomija†
angeles;angeles
guilt;wina
tune;melodia
woo;zabiega†
actions;dziaˆania
conscience;sumienie
officially;oficjalnie
martha;martha
machines;maszyny
smaller;mniejszy
determined;ustalona
blown;nad©ty
hail;grad
unhappy;nieszcz©˜liwy
booth;budka
pour;wla†
berlin;berlin
cleared;wyczyszczone
packed;zapakowane
wrap;zawin¥†
randy;krzykliwy
behalf;w imieniu
reasonable;rozs¥dny
trunk;pieä
homes;domy
festival;festiwal
tradition;tradycja
cigarettes;papierosy
le;le
beside;obok
harvey;harvey
motive;motyw
beings;istoty
bishop;biskup
dealer;kupiec
defendant;pozwany
backup;utworzy† kopi© zapasow¥
wounds;rany
ouch;au†
ann;ann
nearby;w pobli¾u
drank;piˆ
effects;efekty
jonathan;jonathan
dennis;dennis
benefit;korzy˜†
adventure;przygoda
p;p
territory;terytorium
ve;ve
apology;przeprosiny
dylan;dylan
unlike;w odr¢¾nieniu
owns;jest wˆa˜cicielem
boxes;pudˆa
thus;zatem
clay;glina
developed;rozwini©ty
busted;zatrzymany
pipe;rura
gray;szary
no.;nie.
goods;dobra
favourite;ulubiony
salad;saˆatka
loyal;wierny
atmosphere;atmosfera
eva;eva
freaking;cholernie
dropping;rzut
strangers;nieznajomi
mouse;mysz
downtown;˜r¢dmie˜cie
francisco;francisco
heroes;bohaterowie
pit;d¢ˆ
rotten;zgniˆy
paradise;raj
meantime;w mi©dzyczasie
jess;p©to
organization;organizacja
hills;wzg¢rza
exam;egzamin
cock;kogut
fairy;wr¢¾ka
earl;hrabia
comment;komentarz
activity;dziaˆalno˜†
frame;rama
knight;rycerz
testing;testowanie
habit;nawyk
shelter;schron
flow;pˆyw
jennifer;jennifer
holes;dziury
prevent;zapobiega†
anthony;anthony
lend;po¾ycza†
cooper;bednarz
figures;figury
boston;boston
sample;pr¢bka
strip;rozebra† si©
landed;wyl¥dowaˆ
buzzing;brz©czenie
monk;mnich
slightly;nieznacznie
produce;produkowa†
annoying;irytuj¥cy
judgment;os¥d
laundry;pranie
ron;ron
lousy;parszywy
souls;dusze
existence;istnienie
belly;brzuch
tries;pr¢buje
foster;piel©gnowa†
returning;powracaj¥cy
answered;odpowiedziaˆ
ward;oddziaˆ
plants;ro˜liny
actress;aktorka
chairman;przewodnicz¥cy
individual;indywidualny
hopes;nadzieje
tattoo;tatua¾
fence;ogrodzenie
sink;zlew
punk;punk
confident;pewny siebie
yay;yay
mistaken;bˆ©dny
limit;limit
bothering;niepokoj¥ce
st;st
uncomfortable;niewygodny
wednesday;˜roda
gifts;prezenty
policeman;policjant
na;na
precisely;dokˆadnie
lawyers;prawnicy
greek;grecki
merely;zaledwie
criminals;przest©pcy
underwear;bielizna
hoped;miaˆ nadziej©
earned;zarobiony
reveal;ujawni†
appeared;pojawiˆ si©
derek;derek
heavens;niebiosa
personality;osobowo˜†
batman;ordynans
virginia;virginia
wives;¾ony
colour;kolor
worker;pracownik
pope;papie¾
instructions;instrukcje
intelligent;inteligentny
worrying;niepokoj¥cy
vince;vince
comin;comin
cried;pˆakaˆ
traveling;podr¢¾ny
bells;dzwony
x;x
impact;uderzenie
robbed;okradziˆ
relief;ulga
host;gospodarz
footage;materiaˆ filmowy
odds;szanse
patrol;patrol
circus;cyrk
mud;bˆoto
captured;schwytany
lessons;lekcje
occasion;okazja
sets;zestawy
pulse;puls
ad;ogˆoszenie
invented;wynaleziony
diamonds;diamenty
matthew;mateusz
auntie;ciocia
cloud;chmura
francis;francis
angels;anioˆowie
hers;jej
classes;zaj©cia
mm-hm;mm-hm
signature;podpis
complain;skar¾y† si©
blah;bla
monitor;monitor
options;opcje
claims;roszczenia
flies;muchy
pat;poklepa†
britain;brytania
hid;ukry†
wailing;zawodzenie
listened;sˆuchaˆem
countries;kraje
vic;vic
yell;krzyk
rats;szczury
wondered;zastanawiaˆ si©
smooth;gˆadki
resist;oprze† si©
companies;firmy
fantasy;fantazja
passport;paszport
pitch;poziom
hammer;mˆot
homicide;zab¢jstwo
casey;casey
holds;trzyma
flew;lataˆ
jacob;jakub
noon;poˆudnie
helicopter;˜migˆowiec
dishes;dania
spin;obraca†
charm;czar
slap;policzkowa†
apply;stosowa†
fools;gˆupcy
screeching;pisk
discover;odkry†
previous;poprzedni
kit;zestaw
authorities;wˆadze
moaning;beczenie
photograph;fotografia
sales;sprzeda¾
fifty;pi©†dziesi¥t
mickey;mickey
beneath;pod
farewell;po¾egnanie
clouds;chmury
slipped;po˜lizgn¥ˆ
represent;przedstawia†
deaf;gˆuchy
facing;okˆadzina
offense;wykroczenie
citizen;obywatel
clown;bˆazen
snap;pstrykn¥†
messing;baˆagan
hood;kaptur
twelve;dwana˜cie
interests;zainteresowania
cheated;oszukany
liz;liz
informed;powiadomiony
humanity;ludzko˜†
producer;producent
technically;technicznie
accounts;konta
extreme;skrajny
gettin;gettin
cia;cia
ii;ii
pays;pˆaci
profile;profil
oxygen;tlen
jeez;jezu
gene;gen
shed;szopa
minor;drobny
ex;byˆy
theatre;teatr
scientific;naukowy
lovers;zakochani
chaos;chaos
l.a.;la.
rocket;rakieta
math;matematyka
stubborn;uparty
august;sierpieä
oi;oi
chips;frytki
intense;intensywny
grey;szary
talkin;talkin
terrorist;terrorysta
angle;k¥t
invitation;zaproszenie
gus;gus
gambling;hazard
respond;reagowa†
thirty;trzydzie˜ci
procedure;procedura
absolute;absolutny
investigate;prowadzi† ˜ledztwo
tragedy;tragedia
stable;stabilny
session;sesja
capture;zdoby†
marrying;po˜lubienie
ripped;podarte
attacks;ataki
stretch;rozci¥ga† si©
bush;krzak
dates;daktyle
unable;niezdolny
gates;bramy
mars;mars
artists;arty˜ci
increase;zwi©ksza†
tastes;smak
cared;dbaˆ
bottles;butelki
highest;najwy¾szy
whirring;whirring
meanwhile;w mi©dzyczasie
nate;nate
grabbed;chwyciˆa
pigs;wieprzowy
chop;sieka†
olivia;olivia
wheels;koˆa
shocked;wstrz¥˜ni©ty
reverend;czcigodny
commercial;reklama w telewizji
escort;eskorta
engagement;zar©czyny
corpse;zwˆoki
louise;louise
worthy;godny
scale;skala
beats;beats
williams;williams
threatening;gro«ny
exists;istnieje
academy;akademia
acts;dzieje
hop;chmiel
judges;s©dziowie
furniture;meble
shared;wsp¢lny
ralph;ralph
consequences;konsekwencje
engineer;in¾ynier
schools;szkoˆy
softly;delikatnie
bombs;bomby
caroline;karolina
shark;rekin
transport;transport
population;populacja
succeed;odnie˜† sukces
creepy;dziwny
sneak;skrada† si©
studies;studia
destruction;zniszczenie
keith;keith
protected;chroniony
monsters;potwory
joining;ˆ¥cz¥cy
punished;ukarany
lightning;bˆyskawica
malcolm;malcolm
shell;powˆoka
fascinating;fascynuj¥cy
chamber;izba
ethan;ethan
romance;romans
instance;instancja
jumping;skoki
groups;grupy
exhausted;wyczerpany
testify;˜wiadczy†
studied;badane
walker;piechur
pin;szpilka
imagined;wyobra¾one
drill;wiertarka
investigating;dochodzenie
ye;czˆek
experienced;do˜wiadczony
elena;elena
necklace;naszyjnik
loyalty;lojalno˜†
junk;graty
cole;kapusta
cries;pˆacz
stanley;stanley
rita;rita
southern;poˆudniowy
blocks;bloki
emotions;emocje
begun;zacz¥ˆ
maya;maya
liver;w¥troba
serving;porcja
matches;mecze
surgeon;chirurg
granted;nadany
jazz;jazz
july;lipiec
supplies;zaopatrzenie
deeper;gˆ©biej
typical;typowy
kicking;kopanie
obey;by† posˆusznym
dancer;tancerz
remote;zdalny
daughters;c¢rki
moron;kretyn
latin;ˆacina
teachers;nauczyciele
toby;toby
sandy;piaszczysty
dragged;przeci¥gni©te
strategy;strategia
parent;rodzic
jin;jin
album;album
compared;por¢wnywany
rubbish;˜mieci
helpful;pomocny
powder;proszek
sync;synchronizacja
bum;tyˆek
passes;karnety
joan;joan
fort;fort
choices;wybory
alley;aleja
supper;kolacja
penis;penis
alibi;alibi
sammy;sammy
pole;polak
coke;koks
scientist;naukowiec
fighter;wojownik
highway;autostrada
blade;ostrze
alpha;alfa
diet;dieta
liquor;trunek
jet;strumieä
widow;wdowa
liberty;wolno˜†
philip;philip
moral;moraˆ
carrie;carrie
award;nagroda
grief;¾aˆo˜†
thirsty;spragniony
ashley;ashley
random;losowy
suspects;podejrzani
intention;zamiar
julian;juliaäski
active;aktywny
tools;narz©dzia
driven;nap©dzany
trauma;uraz
headache;b¢l gˆowy
safely;bezpiecznie
alexander;aleksander
knee;kolano
lads;chˆopaki
novel;powie˜†
conversations;rozmowy
waters;fale
lookin;wygl¥d
invisible;niewidzialny
internal;wewn©trzny
peaceful;spokojna
humming;brz©cz¥cy
washed;umyty
drives;drives
talented;utalentowany
li;li
aid;pomoc
elephant;sˆoä
troubles;kˆopoty
core;rdzeä
serial;seryjny
s-;s-
painted;namalowany
the;.
divine;boska
jam;d¾em
goat;koza
opera;opera
thieves;zˆodzieje
guessing;zgadnij
objection;sprzeciw
whiskey;whisky
florida;floryda
resistance;op¢r
dressing;ubieranie si©
attached;przywi¥zany
aaron;aaron
brief;kr¢tki
punish;kara†
eternal;wieczny
lois;lois
and;oraz
required;wymagany
victoria;wiktoria
fabulous;wspaniaˆy
twins;bli«ni©ta
characters;postacie
cooked;gotowany
ln;ln
ruth;lito˜†
dreamed;marzyˆem
arts;sztuka
naughty;niegrzeczny
stabbed;d«gni©ty
tend;mie† skˆonno˜ci
diane;diane
tap;uzyskiwa†
soap;mydˆo
locker;szafka
development;rozw¢j
images;obrazy
prick;ukˆucie
global;˜wiatowy
string;strunowy
bitter;gorzki
sharing;dzielenie si©
corn;kukurydza
craig;craig
fits;pasuje
tent;namiot
forms;formy
votes;gˆosy
harold;harold
propose;zaproponowa†
monica;monica
constantly;stale
granny;babunia
nicely;ˆadnie
nerves;nerwowo˜†
arguing;kˆ¢tnia
abuse;nadu¾ywa†
relatives;krewni
survival;przetrwanie
gloves;r©kawice
tracking;˜ledzenie
zoe;zoe
u;u
bend;schyla† si©
review;recenzja
connect;ˆ¥czy†
separated;rozdzielony
elder;starszy
beard;broda
admiral;admiraˆ
diana;diana
salary;pensja
areas;obszary
disturb;przeszkadza†
pro;zawodowiec
maintain;utrzymywa†
solved;rozwi¥zany
wealth;bogactwo
bitches;suki
possession;posiadanie
sang;˜piewaˆ
gimme;dawaj
plates;talerze
shoulders;ramiona
burnt;spalony
recorded;nagrany
upper;g¢rny
counts;liczy
tale;opowie˜†
profit;zysk
colleague;kolega z pracy
warehouse;magazyn
hostage;zakˆadnik
shore;wybrze¾e
porn;porno
miami;miami
fifteen;pi©tna˜cie
visitors;go˜cie
bo;bo
net;internet
insult;zniewaga
owen;piekarnik
cities;miasta
causing;spowodowanie
lemon;cytrynowy
heal;leczy†
banging;walka
honeymoon;miesi¥c miodowy
appeal;odwoˆanie
marshall;marshall
critical;krytyczny
creating;tworzenie
scotland;szkocja
crane;d«wig
enormous;ogromny
testimony;˜wiadectwo
praise;pochwaˆa
fights;walki
indians;hindusi
commission;zamawia†
growls;warczy
nicole;nicole
sins;grzechy
fraud;oszustwo
branch;oddziaˆ
happily;szcz©˜liwie
bout;atak
covering;pokrycie
occurred;wyst¥piˆ
beans;fasolki
raw;surowe
muscle;mi©sieä
pages;strony
tense;napi©ty
relationships;relacje
management;kierownictwo
assignment;zadanie
blonde;blond
catching;uchwyt
exposed;nara¾ony
canada;kanada
dont;dont
han;han
von;von
comedy;komedia
marco;marco
stroke;uderzenie
whistling;gwizdanie
buildings;budynki
shaking;dr¾¥cy
p.m.;po poˆudniu
facility;obiekt
appropriate;wˆa˜ciwy
remarkable;niezwykˆy
transferred;przeniesiony
drawn;poci¥gni©ty
tits;cycki
clicking;klikni©cie
symbol;symbol
motor;silnik
employees;pracownicy
ambassador;ambasador
mothers;matki
pile;stos
feeding;karmienie
soda;soda
checks;czeki
bears;nied«wiedzie
cookies;ciasteczka
slut;chlapa
awfully;strasznie
stepped;stopiono
toys;zabawki
levels;poziomy
differently;r¢¾nie
magnificent;wspaniaˆy
steak;stek
tube;rura
leaders;przyw¢dcy
superior;znakomity
herr;herr
pan;patelnia
expression;wyra¾enie
currently;w tej chwili
throne;tron
deadly;˜miertelnie
bee;pszczoˆa
tooth;z¥b
depressed;w depresji
potatoes;ziemniaki
wicked;niegodziwy
resources;surowce
native;rodzinny
centuries;wieki
karl;karl
poetry;poezja
multiple;wiele
cable;kabel
shortly;wkr¢tce
buzz;brz©cze†
socks;skarpety
fingerprints;odciski palc¢w
goddess;bogini
chin;podbr¢dek
anxious;niespokojny
september;wrzesieä
colors;zabarwienie
basketball;koszyk¢wka
promises;obietnice
explained;wyja˜niono
appearance;wygl¥d zewn©trzny
musical;musical
sends;wysyˆa
slide;slajd
aii;aii
shawn;shawn
ultimate;ostateczny
pork;mi©so wieprzowe
communication;komunikacja
payment;zapˆata
structure;struktura
paperwork;papierkowa robota
obsessed;obsesja
lazy;leniwy
russians;rosjanie
actors;aktorzy
squeeze;˜ciska†
magical;magiczny
colleagues;koledzy
admire;podziwia†
madness;szaleästwo
roads;drogi
entry;wej˜cie
injury;uraz
burden;ci©¾ar
racing;wy˜cigi
manner;spos¢b
freezing;zamra¾anie
bits;bity
norman;norman
mount;uchwyt
battery;bateria
dessert;deser
pound;funt
visited;odwiedzone
motel;motel
rumbling;dudnienie
cinema;kino
fond;czuˆy
halfway;w poˆowie drogi
rifle;karabin
reception;przyj©cie
statue;statua
fridge;lod¢wka
brick;cegˆa
abandon;opu˜ci†
lap;okr¥¾enie
natalie;natalie
wars;wojny
recommend;poleci†
brush;szczotka
nelson;nelson
pill;piguˆka
concept;poj©cie
w;w
delay;op¢«nienie
quarters;mieszkanie
korea;korea
janet;janet
rub;pociera†
mall;centrum handlowe
soil;gleba
complaint;skarga
sail;¾agiel
baker;piekarz
coughs;kaszel
bucket;wiaderko
description;opis
badge;odznaka
measure;mierzy†
hip;biodro
function;funkcjonowa†
indistinctly;niewyra«nie
harris;harris
foundation;fundacja
labor;praca
willie;willie
waiter;kelner
homeless;bezdomny
proved;udowodnione
unfortunate;niefortunny
log;dziennik
meetings;spotkania
giggles;chichot
combat;walka
poem;wiersz
polish;polskie
handed;wr©czone
mia;mia
weed;chwast
raymond;raymond
tons;mn¢stwo
satellite;satelita
jersey;golf
eagle;orzeˆ
privacy;prywatno˜†
chapter;rozdziaˆ
treating;leczenie
wisdom;m¥dro˜†
flip;trzepni©cie
entering;wst©powanie
barn;stodoˆa
farmer;rolnik
clan;klan
budget;bud¾et
pub;pub
temporary;tymczasowy
effective;skuteczny
sonny;synek
wendy;wendy
juan;juan
lamb;owieczka
plot;intrygowa†
riley;riley
proposal;wniosek
sticks;patyki
searched;przeszukane
blessing;bˆogosˆawieästwo
rage;w˜ciekˆo˜†
bothered;przeszkadzaˆo
sydney;sydnej
basis;podstawa
manners;maniery
recover;wyzdrowie†
twist;skr©ca†
neil;neil
leak;przeciek
item;przedmiot
catholic;katolicki
sighing;wzdychanie
retired;na emeryturze
kings;kr¢lowie
inner;wewn©trzny
cents;centy
affect;wpˆyn¥†
forbidden;zabroniony
patch;ˆata
drops;krople
necessarily;koniecznie
provided;pod warunkiem, ¾e
meters;metry
booked;zarezerwowane
returns;zwroty
gloria;gloria
fires;po¾ary
humor;humor
torn;rozdarty
e-mail;e-mail
rocky;skalisty
introduced;wprowadzone
creative;tw¢rczy
betray;zdradza†
soviet;radziecki
various;r¢¾norodny
added;dodany
discovery;odkrycie
cowboy;kowboj
suspected;podejrzewane
suggested;zasugerowaˆ
delighted;zachwycony
sticking;klej¥cy
dive;nurkowa†
shane;shane
radar;radar
prosecutor;prokurator
amber;bursztyn
vast;rozlegˆy
quinn;quinn
owned;wˆasno˜†
cookie;ciastko
finest;najlepsza
felix;felix
pump;pompa
valentine;cicha sympatia
counter;licznik
sorts;sorts
coin;moneta
warren;kr¢likarnia
slaves;niewolnicy
marine;morski
illness;choroba
sack;worek
bid;oferta
require;wymaga†
moscow;moskwa
largest;najwi©kszy
washing;mycie
achieve;osi¥gn¥†
causes;powoduje
k;k
mo;mo
dope;narkotyk
nest;gniazdo
palm;palma
logan;logan
constant;staˆy
b.;b.
boo;gwizd
medication;lek
gravity;powaga
booze;gorzaˆka
noah;noah
evan;evan
abroad;za granic¥
christine;christine
rising;rosn¥cy
analysis;analiza
cuts;ci©cia
eats;jedzenie
employee;pracownik
vodka;w¢dka
damaged;uszkodzony
solar;sˆoneczny
height;wzrost
pops;wyskakuje
yards;jardy
terrified;przera¾ony
suitcase;walizka
chemical;chemiczny
preparing;przygotowanie
advanced;zaawansowane
fund;fundusz
wears;nosi
chirping;†wierkanie
web;sie†
phase;faza
prom;bal studencki
suggesting;sugestia
fleet;flota
lame;kiepski
irish;irlandczyk
editor;redaktor
october;pa«dziernik
assumed;przypuszczalny
whip;bicz
mel;mel
region;region
amongst;w˜r¢d
temper;hartowa†
discussion;dyskusja
engines;silniki
operate;obsˆugiwa†
sunshine;˜wiatˆo sˆoneczne
acted;dziaˆaˆ
undercover;tajny
horror;przera¾enie
tested;przetestowany
smash;rozbi†
contrary;przeciwnie
roses;r¢¾e
poker;poker
wrapped;owini©ty
korean;koreaäski
graham;graham
mi;mi
fu;fu
ivan;ivan
focused;skupione
liam;liam
tragic;tragiczny
carla;carla
demons;demony
rounds;rundy
entertainment;zabawa
gathered;zebrane
uhh;uhh
yells;krzyczy
lincoln;lincoln
crossing;przej˜cie
blanket;koc
nut;orzech
travis;travis
pockets;kieszenie
limited;ograniczony
paintings;obrazy
sober;trze«wy
caesar;cezar
sis;siostra
intended;przeznaczony
niece;siostrzenica
computers;komputery
tennis;tenis ziemny
needle;igˆa
chicks;piskl©ta
traditional;tradycyjny
delicate;delikatny
independent;niezale¾ny
leslie;leslie
lauren;lauren
grandson;wnuk
repair;naprawa
a.;a.
brandon;brandon
executive;wykonawczy
colin;colin
recognized;rozpoznane
holmes;holmes
regarding;je¾eli chodzi o
weakness;sˆabo˜†
aliens;kosmici
gunshots;strzaˆy z broni palnej
european;europejski
method;metoda
tool;narz©dzie
demands;wymagania
permit;pozwoli†
towel;r©cznik
daisy;stokrotka
nowadays;dzisiaj
spider;paj¥k
northern;p¢ˆnocny
rangers;stra¾nicy
zoo;ogr¢d zoologiczny
praying;modl¥c si©
antonio;antonio
passengers;pasa¾erowie
con;kon
australia;australia
technique;technika
cellphone;kom¢rka
gently;ˆagodnie
operations;operacje
planes;samoloty
bunny;kr¢lik
gunfire;obstrzaˆ
shining;˜wiec¥cy
backwards;wstecz
skill;umiej©tno˜†
uh-;uh-
baron;baron
kidnapping;porwanie
iike;ja
marshal;marszaˆek
petty;drobiazgowy
sealed;zapiecz©towany
massage;masa¾
raising;wychowywanie
menu;menu
diary;dziennik
fucker;skurwieä
wagon;w¢z
audition;przesˆuchanie
mitch;mitch
mexican;meksykaäskie
casino;kasyno
bacon;boczek
diego;diego
dutch;holenderski
promotion;awans
click;kliknij
forgiveness;przebaczenie
burst;p©ka†
permanent;staˆy
interfere;ingerowa†
chanting;˜piew
dammit;cholera
spencer;spencer
recovered;odzyskany
registered;zarejestrowany
sunny;sˆoneczny
packing;uszczelka
scenes;sceny
superman;nadczˆowiek
questioning;pytaj¥cy
unfair;niesprawiedliwy
admitted;przyznaˆ
ancestors;przodkowie
polite;grzeczny
completed;zakoäczony
swallow;ˆyk
conduct;przeprowadzi†
prayers;modˆy
sheet;arkusz
fried;sma¾ony
avenue;aleja
poisoned;zatruty
reverse;odwr¢ci†
newspapers;gazety
ford;br¢d
complaining;narzekanie
senses;rozs¥dek
investment;inwestycja
absurd;absurdalny
potato;ziemniak
understands;rozumie
grows;ro˜nie
inspired;natchniony
ruby;rubin
celebrating;˜wi©towanie
tag;etykietka
ram;baran
requires;wymaga
bonnie;bonnie
bugs;bˆ©dy
leonard;leonard
elliot;elliot
hooked;haczykowaty
jill;jill
ranch;ranczo
safer;bezpieczniejsze
worn;noszony
crashing;awaria
lands;ziemie
heather;wrzos
ash;popi¢ˆ
leather;sk¢rzany
grounds;fusy
assuming;zarozumiaˆy
nails;paznokcie
dana;dana
conspiracy;spisek
thanksgiving;˜wi©to dzi©kczynienia
pierre;pierre
guardian;opiekun
rumors;plotki
yen;jen
megan;megan
ashes;proch
terror;terror
misunderstanding;nieporozumienie
tire;opona
boats;ˆodzie
parade;parada
halt;post¢j
immunity;odporno˜†
adults;doro˜li ludzie
steam;parowy
kang;kang
closely;dokˆadnie
pearl;perˆa
soccer;piˆka no¾na
adrian;adrian
priority;priorytet
shouts;krzyki
donald;donald
happier;szcz©˜liwszy
khan;chan
struggling;zmagaj¥cy si©
root;«r¢dˆo
larger;wi©kszy
november;listopad
boot;uruchomi†
conflict;konflikt
laughed;za˜miaˆ si©
debbie;debbie
cherry;wi˜nia
honking;honing
concerns;obawy
celebration;uroczysto˜†
sore;obolaˆy
unconscious;nie˜wiadomy
cattle;bydˆo
breasts;piersi
fairly;raczej
fee;opˆata
recognise;rozpozna†
wade;przebrn¥†
radiation;promieniowanie
holidays;wakacje
raining;deszcz
forgetting;zapominanie
lungs;pˆuca
register;zarejestruj si©
shadows;cienie
specifically;konkretnie
sarge;sarge
ideal;ideaˆ
turtle;¾¢ˆw
spoil;zepsu†
deserved;zasˆu¾ony
ronnie;ronnie
gina;gina
candidate;kandydat
lance;lanca
types;typy
bloke;facet
explode;eksplodowa†
immediate;natychmiastowy
belonged;nale¾aˆ
identified;zidentyfikowane
di;di
hunger;gˆ¢d
closest;najbli¾szy
combination;poˆ¥czenie
nanny;niania
seth;seth
gabriel;gabriel
develop;rozwija†
detectives;detektywi
severe;ci©¾ki : silny
en;en
organized;zorganizowany
franklin;franklin
gut;jelito
splendid;znakomity
dismissed;zwolniony
pm;po poˆudniu
yang;yang
halloween;halloween
ellie;ellie
vulnerable;wra¾liwy
continued;nieprzerwany
vital;niezb©dny
comrades;towarzysze
bureau;biuro
drawer;szuflada
harper;harfiarka
retreat;wycofa† si©
carson;carson
benny;benny
pillow;poduszka
troy;troy
ace;as
cart;w¢zek
nap;drzemka
chan;chan
ham;szynka
announce;ogˆosi†
borrowed;po¾yczone
parked;zaparkowany
galaxy;galaktyka
voted;gˆosowaˆ
muffled;stˆumiony
sebastian;sebastian
mmm-hmm;mmm-hmm
jewelry;bi¾uteria
kisses;pocaˆunki
luggage;baga¾
groom;pan mˆody
oops;ups
lighter;zapalniczka
masters;mistrzowie
alliance;sojusz
buddies;kumple
clothing;odzie¾
denied;zaprzeczony
drown;utopi†
alike;zar¢wno
excellency;ekscelencja
relative;wzgl©dny
photographs;fotografie
burger;burger
dough;ciasto
alicia;alicia
wreck;wrak
approve;zatwierdzi†
produced;wytworzony
christina;christina
physically;fizycznie
stations;stacje
eli;eli
samantha;samantha
spiritual;duchowy
sire;rozpˆodnik
roaring;ryk
stab;zasztyletowa†
inch;cal
servants;sˆu¾¥cy
limits;limity
unexpected;nieoczekiwany
arrival;przyjazd
whimpering;skomlanie
basket;kosz
sheets;po˜ciel
scandal;skandal
stink;smr¢d
homer;homer
tara;tara
christopher;krzysztof
toes;palce u n¢g
t-;t-
shield;tarcza
shooter;strzelec
instant;natychmiastowy
objects;obiekty
rehearsal;powt¢rka
disturbing;niepokoj¥cy
directed;skierowany
scan;skanowanie
electronic;elektroniczny
republic;republika
overnight;nocny
counsel;rada
sirens;syren
dorothy;dorota
bait;przyn©ta
dignity;godno˜†
explains;wyja˜nia
lean;pochyla† si©
heroin;heroina
tracy;tracy
rex;rex
barney;barney
gossip;plotki
humble;pokorny
economy;gospodarka
worlds;˜wiaty
impress;imponowa†
clara;clara
tissue;papierowa chusteczka
threaten;zagrozi†
et;et
bump;uderzenie
supreme;najwy¾szy
bingo;bingo
mitchell;mitchell
excitement;podniecenie
mankind;ludzko˜†
document;dokument
broad;szeroki
vietnam;wietnam
vessel;naczynie
lit;o˜wietlony
dale;doˆek
killers;zab¢jcy
connor;connor
mario;mario
foul;faul
stare;gapi† si©
deaths;zgony
hut;chata
elements;elementy
coma;˜pi¥czka
laying;no˜ny
coffin;trumna
paula;paula
cocaine;kokaina
puppy;szczeniak
louder;gˆo˜niejszy
handled;obsˆugiwane
announcement;ogˆoszenie
oath;przysi©ga
mob;tˆum
cotton;baweˆna
deposit;kaucja
taxes;podatki
injuries;obra¾enia
jen;jen
autopsy;autopsja
advise;radzi†
gig;koncert
lecture;wykˆad
posted;opublikowany
skinny;chudy
lo;lo
include;wˆ¥cza†
revealed;ujawniˆ
infected;zainfekowany
relieved;odci¥¾ony
assistance;wsparcie
solo;solo
determine;okre˜la†
terrorists;terrory˜ci
elsewhere;gdzie indziej
lamp;lampa
practical;praktyczny
marked;wyra«ny
adorable;uroczy
rubber;guma
purple;fioletowy
operating;operacyjny
suite;zestaw
apologies;przeprosiny
personnel;personel
beam;belka
poet;poeta
samples;pr¢bki
arrow;strzaˆka
counselor;doradca
carpet;dywan
allen;allen
audrey;audrey
spotted;c©tkowany
floating;ruchomy
corrected;poprawione
located;usytuowany
journalist;dziennikarz
insisted;nalegaˆ
operator;operator
rely;polega†
singh;singh
fooled;oszukany
arrives;przybywa
i.d.;id.
leon;leon
walt;walt
eastern;wschodni
ay;tak
shave;goli†
remaining;pozostaˆy
toss;podrzucenie
anderson;anderson
lip.97;warga. 97
acid;kwas
nora;nora
si;si
december;grudzieä
anonymous;anonimowy
inn;zajazd
planted;posadzony
oldest;najstarszy
breast;pier˜
sixth;sz¢sty
error;bˆ¥d
reporting;raportowanie
egypt;egipt
islands;wyspy
brother-in-law;szwagier
jules;jules
roommate;wsp¢ˆlokator
sings;˜piewa
scum;szumowiny
visitor;go˜†
giggling;chichotanie
described;opisane
geez;rany
inches;cale
commitment;zaanga¾owanie
hercules;hercules
react;reagowa†
cows;krowy
protest;protest
misery;nieszcz©˜cie
theft;kradzie¾
embrace;u˜cisk
darn;cerowa†
harsh;szorstki
andrea;andrea
communicate;komunikowa† si©
fathers;ojcowie
faithful;wierny
hector;zabijaka
uh-uh;uh-uh
flame;pˆomieä
medal;medal
silk;jedwab
photographer;fotograf
trevor;trevor
cemetery;cmentarz
rear;tyˆ
freddy;freddy
banana;banan
allison;allison
emotion;emocja
chap;facet
dated;przestarzaˆy
excuses;wymawianie si©
shitty;shitty
bin;kosz
jew;¾yd
gum;guma
crushed;zgnieciony
efforts;starania
content;zawarto˜†
corporal;kapral
realised;realizowany
del;del
rap;kuks
hopeless;beznadziejny
debate;debata
era;era
luckily;na szcz©˜cie
ton;tona
liquid;pˆyn
swell;puchn¥†
peggy;peggy
feast;uczta
murphy;murphy
attracted;przyci¥gni©ty
application;aplikacja
profession;zaw¢d
bench;ˆawka
vanessa;vanessa
ahem;ahem
symptoms;objawy
scout;zwiadowca
crashed;rozbiˆ si©
keen;ch©tny
aircraft;samolot
formed;uformowane
hon;hon
aggressive;agresywny
pale;blady
significant;istotne
duncan;duncan
clubs;kluby
visual;wizualny
embassy;ambasada
defence;obrona
cabinet;gabinet
display;wy˜wietlacz
fame;sˆawa
gibbs;gibbs
drowned;uton¥ˆ
wolves;wilki
filming;filmowanie
dunno;dunno
cursed;przekl©ty
twin;bli«niak
sorrow;smutek
vault;sklepienie
defeated;pokonany
watson;watson
quote;cytat
penalty;rzut karny
bargain;okazja
pepper;pieprz
speaker;gˆo˜nik
compare;por¢wnywa†
satan;szatan
helmet;kask
scar;blizna
copies;kopie
fuss;zamieszanie
envelope;koperta
perry;wino z gruszek
stinks;˜mierdzi
african;afrykanin
arrangements;przygotowania
wished;¾yczyˆem
honored;zaszczycony
believing;wierz¥c
discussed;om¢wione
assigned;przydzielony
rosa;rosa
oven;piekarnik
jenna;jenna
attacking;napadaj¥cy
tin;cyna
sonic;d«wi©kowy
collar;koˆnierz
mere;sam
romeo;romeo
belief;wiara
storage;magazynowanie
rusty;zardzewiaˆy
psycho;psycho
climbing;wspinaczka
melissa;melisa
fears;obawy
sum;suma
dedicated;dedykowane
ladder;drabina
alternative;alternatywny
raid;nalot
dining;jadalnia
ms;sm
corporate;zbiorowy
folk;ludowy
jon;jon
replaced;zast¥piony
bailey;bailey
un;un
heels;obcasy
duties;obowi¥zki
smarter;m¥drzejszy
existed;istniaˆ
surprising;zaskakuj¥cy
chess;szachy
requested;wymagany
cruise;rejs
primary;podstawowy
rhythm;rytm
drum;b©ben
models;modele
motorcycle;motocykl
adopted;przyj©ty
barrel;beczka
cargo;ˆadunek
planets;planety
shove;pchni©cie
wha;co
surprises;niespodzianki
rosie;rosie
dings;dings
trailer;przyczepa
cannon;armata
tables;tabele
arse;tyˆek
ally;sprzymierzy†
lawrence;lawrence
wee;maleäki
tapes;ta˜my
dull;nieciekawy
sandra;sandra
teenage;nastolatek
kent;kent
cooperate;wsp¢ˆpracowa†
risks;ryzyko
dug;d¢jka
worthless;bezwarto˜ciowy
arriving;przyjazd
kindness;¾yczliwo˜†
ties;wi©zi
items;przedmiot¢w
and-;oraz-
grip;chwyt
relations;relacje
rumor;plotka
skirt;sp¢dnica
frog;¾aba
paige;paige
lloyd;lloyd
claimed;przej©te
perfume;perfumy
instrumental;instrumentalny
flames;pˆomienie
association;stowarzyszenie
loses;przegrywa†
january;styczeä
spike;kolec
israel;izrael
eleven;jedena˜cie
gallery;galeria
ginger;imbir
activities;zaj©cia
iraq;irak
boarding;aborda¾
fist;pi©˜†
stuffed;nadziewany
improve;poprawi†
creation;kreacja
connie;connie
infection;infekcja
strikes;uderzenia
wiped;wytarte
tension;napi©cie
whistles;gwizdy
kindly;uprzejmie
certificate;certyfikat
curtis;curtis
bold;pogrubienie
threats;zagro¾enia
claudia;claudia
sid;sid
twisted;skr©cone
suspended;zawieszony
affected;dotkni©ty
envy;zazdro˜†
whale;wieloryb
dial;wybierz
cameron;cameron
martial;wojenny
controlled;kontrolowane
lung;pˆuco
nigga;czarnuch
coal;w©giel
upside;plus
imperial;cesarski
pam;pam
paranoid;paranoidalny
signing;podpisanie
congress;kongres
villa;willa
candles;˜wiece
filling;nadzienie
becky;becky
comic;komiczny
faint;mdle†
recovery;powr¢t do zdrowia
volunteer;wolontariusz
tech;tech
bleed;krwawi†
positions;pozycje
cindy;cindy
narrow;w¥ska
forbid;zakaza†
stuart;stuart
perspective;perspektywiczny
faced;twarz
neat;schludny
pierce;przebi†
observe;przestrzega†
cycle;cykl
psychic;psychiczny
handling;obsˆugiwanie
goose;g©˜
accidentally;przypadkowo
conclusion;wniosek
designer;projektant
sits;siedzi
importance;znaczenie
spots;kropki
francs;franki
sweep;zamiata†
destroying;niszczenie
communist;komunistyczny
blackmail;szanta¾
pacific;pacyfik
risky;ryzykowny
glorious;wspaniaˆy
filed;wniesiony
hatred;nienawi˜†
cam;krzywka
deals;oferty
pos;poz
fooling;wygˆupienie
persons;osoby
scotch;szkocka
executed;wykonany
brakes;hamulce
blank;pusty
tender;mi©kki
kurt;kurt
turner;tokarz
tub;wanna
sucker;przyssawka
slight;niewielki
addition;dodatek
campus;kampus
ritual;rytuaˆ
prey;ofiara
